Divipola,Departamento,Municipio,evViolArm,perViolArm,evDesp,perDesp,evAtaqCiv,perAtaqCiv,evDesas,perDesas,evUngrd,perUngrd,Afectacion
5001,ANTIOQUIA,MEDELLÍN,2,1,1,0,75,102,11,900,9,224,Alto
5002,ANTIOQUIA,ABEJORRAL,0,0,0,0,0,0,0,0,2,11,Bajo
5004,ANTIOQUIA,ABRIAQUÍ,0,0,0,0,0,0,0,0,1,13,Bajo
5021,ANTIOQUIA,ALEJANDRÍA,0,0,0,0,0,0,1,0,1,0,Bajo
5030,ANTIOQUIA,AMAGÁ,0,0,0,0,1,2,1,0,10,1867,Medio
5031,ANTIOQUIA,AMALFI,3,2,0,0,1,5,0,0,4,24,Bajo
5034,ANTIOQUIA,ANDES,1,2,1,84,2,3,1,0,3,44,Bajo
5036,ANTIOQUIA,ANGELÓPOLIS,0,0,0,0,0,0,1,0,1,52,Bajo
5038,ANTIOQUIA,ANGOSTURA,0,0,0,0,0,0,0,0,0,0,
5040,ANTIOQUIA,ANORÍ,2,9,0,0,4,5,0,0,3,463,Bajo
5042,ANTIOQUIA,SANTA FÉ DE ANTIOQUIA,2,3,0,0,4,7,3,0,6,99,Bajo
5044,ANTIOQUIA,ANZÁ,0,0,0,0,0,0,0,0,8,2068,Medio
5045,ANTIOQUIA,APARTADÓ,3,6,0,0,0,0,1,0,6,11932,Bajo
5051,ANTIOQUIA,ARBOLETES,1,1,0,0,0,0,0,0,1,5,Bajo
5055,ANTIOQUIA,ARGELIA,0,0,0,0,0,0,0,0,1,8,Bajo
5059,ANTIOQUIA,ARMENIA,0,0,0,0,0,0,0,0,0,0,
5079,ANTIOQUIA,BARBOSA,1,1,0,0,1,1,0,0,7,25,Medio
5086,ANTIOQUIA,BELMIRA,1,3,0,0,1,1,0,0,0,0,Bajo
5088,ANTIOQUIA,BELLO,1,2,0,0,17,23,1,1611,8,185,Medio
5091,ANTIOQUIA,BETANIA,0,0,0,0,1,1,1,0,4,125,Bajo
5093,ANTIOQUIA,BETULIA,1,2,0,0,0,0,1,7000,4,14,Bajo
5101,ANTIOQUIA,CIUDAD BOLÍVAR,0,0,0,0,3,3,1,0,2,37,Bajo
5107,ANTIOQUIA,BRICEÑO,0,0,0,0,1,1,0,0,1,4,Bajo
5113,ANTIOQUIA,BURITICÁ,0,0,0,0,2,4,0,0,4,3206,Bajo
5120,ANTIOQUIA,CÁCERES,5,0,0,0,4,4,0,0,6,10287,Bajo
5125,ANTIOQUIA,CAICEDO,0,0,0,0,0,0,0,0,0,0,
5129,ANTIOQUIA,CALDAS,1,0,0,0,2,2,1,0,10,360,Medio
5134,ANTIOQUIA,CAMPAMENTO,0,0,0,0,0,0,1,1000,1,40,Bajo
5138,ANTIOQUIA,CAÑASGORDAS,3,524,0,0,0,0,0,0,1,0,Bajo
5142,ANTIOQUIA,CARACOLÍ,0,0,0,0,0,0,0,0,0,0,
5145,ANTIOQUIA,CARAMANTA,0,0,0,0,0,0,0,0,0,0,
5147,ANTIOQUIA,CAREPA,2,4,0,0,2,3,2,0,5,12247,Bajo
5148,ANTIOQUIA,EL CARMEN DE VIBORAL,0,0,0,0,2,2,0,0,1,9,Bajo
5150,ANTIOQUIA,CAROLINA,0,0,0,0,0,0,0,0,0,0,
5154,ANTIOQUIA,CAUCASIA,0,0,0,0,7,6,3,1000,5,15258,Bajo
5172,ANTIOQUIA,CHIGORODÓ,4,7,0,0,2,2,1,0,4,125,Bajo
5190,ANTIOQUIA,CISNEROS,0,0,0,0,0,0,0,0,0,0,
5197,ANTIOQUIA,COCORNÁ,0,0,0,0,0,0,1,0,3,92,Bajo
5206,ANTIOQUIA,CONCEPCIÓN,0,0,0,0,1,1,0,0,0,0,Bajo
5209,ANTIOQUIA,CONCORDIA,1,0,0,0,1,2,0,0,6,104,Bajo
5212,ANTIOQUIA,COPACABANA,1,1,0,0,4,4,0,0,1,0,Bajo
5234,ANTIOQUIA,DABEIBA,0,0,0,0,2,1,3,0,7,359,Medio
5237,ANTIOQUIA,DONMATÍAS,0,0,0,0,0,0,0,0,2,64,Bajo
5240,ANTIOQUIA,EBÉJICO,1,1,0,0,1,1,0,0,3,82,Bajo
5250,ANTIOQUIA,EL BAGRE,3,5,0,0,7,10,1,750,6,3798,Bajo
5264,ANTIOQUIA,ENTRERRÍOS,0,0,0,0,0,0,0,0,0,0,
5266,ANTIOQUIA,ENVIGADO,0,0,0,0,3,3,0,0,1,4,Bajo
5282,ANTIOQUIA,FREDONIA,1,0,0,0,4,4,1,0,2,6,Bajo
5284,ANTIOQUIA,FRONTINO,4,11,0,0,2,2,1,0,1,0,Bajo
5306,ANTIOQUIA,GIRALDO,0,0,0,0,1,1,0,0,0,0,Bajo
5308,ANTIOQUIA,GIRARDOTA,0,0,0,0,0,0,0,0,1,12,Bajo
5310,ANTIOQUIA,GÓMEZ PLATA,0,0,0,0,0,0,0,0,0,0,
5313,ANTIOQUIA,GRANADA,0,0,0,0,2,2,0,0,1,2,Bajo
5315,ANTIOQUIA,GUADALUPE,1,1,0,0,0,0,0,0,1,0,Bajo
5318,ANTIOQUIA,GUARNE,1,2,0,0,0,0,1,0,1,69,Bajo
5321,ANTIOQUIA,GUATAPÉ,0,0,0,0,0,0,0,0,1,8,Bajo
5347,ANTIOQUIA,HELICONIA,0,0,0,0,0,0,1,0,5,910,Bajo
5353,ANTIOQUIA,HISPANIA,0,0,0,0,0,0,0,0,0,0,
5360,ANTIOQUIA,ITAGÜÍ,0,0,0,0,7,7,1,0,5,358,Bajo
5361,ANTIOQUIA,ITUANGO,10,41,0,0,2,2,0,0,2,0,Alto
5364,ANTIOQUIA,JARDÍN,0,0,0,0,1,1,0,0,0,0,Bajo
5368,ANTIOQUIA,JERICÓ,0,0,0,0,0,0,0,0,2,0,Bajo
5376,ANTIOQUIA,LA CEJA,0,0,0,0,0,0,0,0,6,14,Bajo
5380,ANTIOQUIA,LA ESTRELLA,0,0,0,0,2,3,0,0,2,13,Bajo
5390,ANTIOQUIA,LA PINTADA,0,0,0,0,0,0,0,0,1,0,Bajo
5400,ANTIOQUIA,LA UNIÓN,0,0,0,0,1,1,1,0,6,163,Bajo
5411,ANTIOQUIA,LIBORINA,0,0,0,0,0,0,0,0,2,3,Bajo
5425,ANTIOQUIA,MACEO,0,0,0,0,0,0,0,0,1,36,Bajo
5440,ANTIOQUIA,MARINILLA,0,0,0,0,0,0,0,0,1,0,Bajo
5467,ANTIOQUIA,MONTEBELLO,0,0,0,0,0,0,0,0,4,114,Bajo
5475,ANTIOQUIA,MURINDÓ,0,0,0,0,1,17,1,1500,2,2418,Bajo
5480,ANTIOQUIA,MUTATÁ,0,0,0,0,2,3,0,0,1,600,Bajo
5483,ANTIOQUIA,NARIÑO,0,0,0,0,0,0,0,0,3,70,Bajo
5490,ANTIOQUIA,NECOCLÍ,1,0,0,0,0,0,0,0,3,303,Bajo
5495,ANTIOQUIA,NECHÍ,0,0,0,0,0,0,1,5558,7,605,Medio
5501,ANTIOQUIA,OLAYA,0,0,0,0,0,0,0,0,3,7,Bajo
5541,ANTIOQUIA,PEÑOL,0,0,0,0,1,1,0,0,2,6,Bajo
5543,ANTIOQUIA,PEQUE,3,6,0,0,1,0,0,0,0,0,Bajo
5576,ANTIOQUIA,PUEBLORRICO,0,0,0,0,0,0,0,0,0,0,
5579,ANTIOQUIA,PUERTO BERRÍO,0,0,0,0,3,6,1,0,7,1121,Medio
5585,ANTIOQUIA,PUERTO NARE,0,0,0,0,0,0,0,0,1,680,Bajo
5591,ANTIOQUIA,PUERTO TRIUNFO,0,0,0,0,0,0,0,0,0,0,
5604,ANTIOQUIA,REMEDIOS,6,3,0,0,8,13,0,0,2,0,Bajo
5607,ANTIOQUIA,RETIRO,0,0,0,0,0,0,0,0,3,36,Bajo
5615,ANTIOQUIA,RIONEGRO,0,0,0,0,4,7,0,0,1,32,Bajo
5628,ANTIOQUIA,SABANALARGA,0,0,0,0,0,0,0,0,0,0,
5631,ANTIOQUIA,SABANETA,0,0,0,0,0,0,0,0,1,0,Bajo
5642,ANTIOQUIA,SALGAR,1,1,0,0,3,8,1,0,1,0,Bajo
5647,ANTIOQUIA,SAN ANDRÉS DE CUERQUÍA,0,0,0,0,0,0,0,0,2,14,Bajo
5649,ANTIOQUIA,SAN CARLOS,0,0,0,0,1,1,2,2880,3,749,Bajo
5652,ANTIOQUIA,SAN FRANCISCO,0,0,0,0,0,0,0,0,10,1241,Medio
5656,ANTIOQUIA,SAN JERÓNIMO,1,4,0,0,2,1,0,0,2,44,Bajo
5658,ANTIOQUIA,SAN JOSÉ DE LA MONTAÑA,0,0,0,0,0,0,0,0,0,0,
5659,ANTIOQUIA,SAN JUAN DE URABÁ,0,0,0,0,0,0,0,0,0,0,
5660,ANTIOQUIA,SAN LUIS,0,0,0,0,2,4,1,0,3,23,Bajo
5664,ANTIOQUIA,SAN PEDRO DE LOS MILAGROS,1,3,0,0,0,0,0,0,0,0,Bajo
5665,ANTIOQUIA,SAN PEDRO DE URABÁ,2,1,0,0,1,0,0,0,1,0,Bajo
5667,ANTIOQUIA,SAN RAFAEL,0,0,0,0,1,1,0,0,1,1,Bajo
5670,ANTIOQUIA,SAN ROQUE,0,0,0,0,1,0,0,0,0,0,Bajo
5674,ANTIOQUIA,SAN VICENTE FERRER,0,0,0,0,0,0,0,0,1,0,Bajo
5679,ANTIOQUIA,SANTA BÁRBARA,0,0,0,0,1,2,0,0,6,62,Bajo
5686,ANTIOQUIA,SANTA ROSA DE OSOS,0,0,0,0,1,1,0,0,0,0,Bajo
5690,ANTIOQUIA,SANTO DOMINGO,0,0,0,0,4,7,0,0,0,0,Bajo
5697,ANTIOQUIA,EL SANTUARIO,0,0,0,0,0,0,0,0,2,0,Bajo
5736,ANTIOQUIA,SEGOVIA,1,0,0,0,5,5,0,0,1,12,Bajo
5756,ANTIOQUIA,SONSÓN,0,0,0,0,3,5,0,0,1,108,Bajo
5761,ANTIOQUIA,SOPETRÁN,0,0,0,0,0,0,0,0,7,2518,Medio
5789,ANTIOQUIA,TÁMESIS,0,0,0,0,1,1,0,0,9,231,Medio
5790,ANTIOQUIA,TARAZÁ,0,0,0,0,3,3,1,9612,2,1755,Bajo
5792,ANTIOQUIA,TARSO,0,0,0,0,0,0,0,0,0,0,
5809,ANTIOQUIA,TITIRIBÍ,1,0,1,60,2,2,0,0,4,72,Bajo
5819,ANTIOQUIA,TOLEDO,0,0,0,0,0,0,0,0,3,3,Bajo
5837,ANTIOQUIA,TURBO,5,4,0,0,3,3,2,0,3,365,Bajo
5842,ANTIOQUIA,URAMITA,4,7,0,0,0,0,0,0,5,293,Bajo
5847,ANTIOQUIA,URRAO,5,827,2,556,4,5,0,0,1,5,Bajo
5854,ANTIOQUIA,VALDIVIA,4,3,0,0,2,2,1,0,5,21,Bajo
5856,ANTIOQUIA,VALPARAÍSO,0,0,0,0,0,0,0,0,0,0,
5858,ANTIOQUIA,VEGACHÍ,4,5,0,0,2,1,0,0,2,28,Bajo
5861,ANTIOQUIA,VENECIA,0,0,0,0,2,3,0,0,2,50,Bajo
5873,ANTIOQUIA,VIGÍA DEL FUERTE,0,0,0,0,0,0,2,300,3,809,Bajo
5885,ANTIOQUIA,YALÍ,0,0,0,0,0,0,0,0,0,0,
5887,ANTIOQUIA,YARUMAL,1,2,0,0,0,0,0,0,0,0,Bajo
5890,ANTIOQUIA,YOLOMBÓ,0,0,0,0,2,2,0,0,0,0,Bajo
5893,ANTIOQUIA,YONDÓ,0,0,0,0,1,0,0,0,3,720,Bajo
5895,ANTIOQUIA,ZARAGOZA,1,1,0,0,1,0,0,0,2,1252,Bajo
8001,ATLÁNTICO,BARRANQUILLA,1,1,0,0,18,21,1,0,3,145,Bajo
8078,ATLÁNTICO,BARANOA,0,0,0,0,0,0,0,0,1,76,Bajo
8137,ATLÁNTICO,CAMPO DE LA CRUZ,0,0,0,0,1,10,0,0,0,0,Bajo
8141,ATLÁNTICO,CANDELARIA,0,0,0,0,0,0,0,0,0,0,
8296,ATLÁNTICO,GALAPA,1,1,0,0,0,0,0,0,0,0,Bajo
8372,ATLÁNTICO,JUAN DE ACOSTA,0,0,0,0,0,0,0,0,0,0,
8421,ATLÁNTICO,LURUACO,0,0,0,0,0,0,0,0,2,181,Bajo
8433,ATLÁNTICO,MALAMBO,0,0,0,0,1,1,0,0,1,475,Bajo
8436,ATLÁNTICO,MANATÍ,0,0,0,0,1,1,0,0,4,634,Bajo
8520,ATLÁNTICO,PALMAR DE VARELA,0,0,0,0,0,0,0,0,0,0,
8549,ATLÁNTICO,PIOJÓ,0,0,0,0,0,0,0,0,1,0,Bajo
8558,ATLÁNTICO,POLONUEVO,0,0,0,0,0,0,0,0,0,0,
8560,ATLÁNTICO,PONEDERA,0,0,0,0,0,0,0,0,0,0,
8573,ATLÁNTICO,PUERTO COLOMBIA,0,0,0,0,1,1,0,0,0,0,Bajo
8606,ATLÁNTICO,REPELÓN,1,1,0,0,0,0,0,0,0,0,Bajo
8634,ATLÁNTICO,SABANAGRANDE,0,0,0,0,0,0,0,0,0,0,
8638,ATLÁNTICO,SABANALARGA,0,0,0,0,0,0,0,0,4,368,Bajo
8675,ATLÁNTICO,SANTA LUCÍA,0,0,0,0,0,0,0,0,0,0,
8685,ATLÁNTICO,SANTO TOMÁS,0,0,0,0,0,0,0,0,0,0,
8758,ATLÁNTICO,SOLEDAD,0,0,0,0,5,8,0,0,4,325,Bajo
8770,ATLÁNTICO,SUAN,0,0,0,0,0,0,0,0,1,796,Bajo
8832,ATLÁNTICO,TUBARÁ,0,0,0,0,0,0,0,0,0,0,
8849,ATLÁNTICO,USIACURÍ,0,0,0,0,0,0,0,0,1,58,Bajo
11001,BOGOTÁ. D.C.,BOGOTÁ. D.C.,1,0,0,0,16,58,4,250,10,1219,Medio
13001,BOLÍVAR,CARTAGENA DE INDIAS,0,0,0,0,0,0,0,0,6,32,Bajo
13006,BOLÍVAR,ACHÍ,0,0,0,0,0,0,1,9020,0,0,
13030,BOLÍVAR,ALTOS DEL ROSARIO,0,0,0,0,0,0,0,0,0,0,
13042,BOLÍVAR,ARENAL,0,0,0,0,0,0,0,0,0,0,
13052,BOLÍVAR,ARJONA,0,0,0,0,0,0,0,0,0,0,
13062,BOLÍVAR,ARROYOHONDO,0,0,0,0,0,0,0,0,0,0,
13074,BOLÍVAR,BARRANCO DE LOBA,0,0,0,0,0,0,0,0,0,0,
13140,BOLÍVAR,CALAMAR,0,0,0,0,0,0,0,0,0,0,
13160,BOLÍVAR,CANTAGALLO,0,0,0,0,0,0,0,0,0,0,
13188,BOLÍVAR,CICUCO,0,0,0,0,0,0,0,0,0,0,
13212,BOLÍVAR,CÓRDOBA,0,0,0,0,0,0,0,0,0,0,
13222,BOLÍVAR,CLEMENCIA,0,0,0,0,0,0,0,0,0,0,
13244,BOLÍVAR,EL CARMEN DE BOLÍVAR,0,0,0,0,0,0,0,0,1,3,Bajo
13248,BOLÍVAR,EL GUAMO,0,0,0,0,0,0,0,0,0,0,
13268,BOLÍVAR,EL PEÑÓN,0,0,0,0,0,0,0,0,1,0,Bajo
13300,BOLÍVAR,HATILLO DE LOBA,0,0,0,0,0,0,0,0,0,0,
13430,BOLÍVAR,MAGANGUÉ,0,0,0,0,0,0,1,16038,3,50,Bajo
13433,BOLÍVAR,MAHATES,0,0,0,0,0,0,0,0,0,0,
13440,BOLÍVAR,MARGARITA,0,0,0,0,0,0,0,0,1,4000,Bajo
13442,BOLÍVAR,MARÍA LA BAJA,0,0,0,0,0,0,0,0,0,0,
13458,BOLÍVAR,MONTECRISTO,0,0,0,0,0,0,0,0,1,2500,Bajo
13468,BOLÍVAR,SANTA CRUZ DE MOMPOX,0,0,0,0,0,0,0,0,1,928,Bajo
13473,BOLÍVAR,MORALES,0,0,0,0,0,0,0,0,0,0,
13490,BOLÍVAR,NOROSÍ,0,0,0,0,0,0,0,0,0,0,
13549,BOLÍVAR,PINILLOS,0,0,0,0,0,0,0,0,1,0,Bajo
13580,BOLÍVAR,REGIDOR,0,0,0,0,0,0,0,0,0,0,
13600,BOLÍVAR,RÍO VIEJO,0,0,0,0,0,0,0,0,0,0,
13620,BOLÍVAR,SAN CRISTÓBAL,0,0,0,0,0,0,0,0,0,0,
13647,BOLÍVAR,SAN ESTANISLAO,0,0,0,0,0,0,0,0,1,1080,Bajo
13650,BOLÍVAR,SAN FERNANDO,0,0,0,0,0,0,0,0,2,1645,Bajo
13654,BOLÍVAR,SAN JACINTO,0,0,0,0,0,0,0,0,0,0,
13655,BOLÍVAR,SAN JACINTO DEL CAUCA,0,0,0,0,0,0,1,5526,1,0,Bajo
13657,BOLÍVAR,SAN JUAN NEPOMUCENO,0,0,0,0,0,0,0,0,2,1830,Bajo
13667,BOLÍVAR,SAN MARTÍN DE LOBA,0,0,0,0,0,0,0,0,1,660,Bajo
13670,BOLÍVAR,SAN PABLO,0,0,0,0,0,0,0,0,0,0,
13673,BOLÍVAR,SANTA CATALINA,0,0,0,0,0,0,0,0,0,0,
13683,BOLÍVAR,SANTA ROSA,0,0,0,0,0,0,0,0,2,1596,Bajo
13688,BOLÍVAR,SANTA ROSA DEL SUR,0,0,0,0,0,0,0,0,0,0,
13744,BOLÍVAR,SIMITÍ,1,0,1,110,0,0,0,0,0,0,Bajo
13760,BOLÍVAR,SOPLAVIENTO,0,0,0,0,0,0,0,0,0,0,
13780,BOLÍVAR,TALAIGUA NUEVO,0,0,0,0,0,0,0,0,0,0,
13810,BOLÍVAR,TIQUISIO,0,0,0,0,0,0,0,0,0,0,
13836,BOLÍVAR,TURBACO,0,0,0,0,0,0,0,0,3,90,Bajo
13838,BOLÍVAR,TURBANÁ,0,0,0,0,0,0,0,0,2,0,Bajo
13873,BOLÍVAR,VILLANUEVA,0,0,0,0,0,0,0,0,0,0,
13894,BOLÍVAR,ZAMBRANO,1,1,0,0,0,0,0,0,0,0,Bajo
15001,BOYACÁ,TUNJA,0,0,0,0,0,0,0,0,0,0,
15022,BOYACÁ,ALMEIDA,0,0,0,0,0,0,0,0,1,0,Bajo
15047,BOYACÁ,AQUITANIA,0,0,0,0,0,0,0,0,3,0,Bajo
15051,BOYACÁ,ARCABUCO,0,0,0,0,0,0,0,0,0,0,
15087,BOYACÁ,BELÉN,0,0,0,0,0,0,0,0,0,0,
15090,BOYACÁ,BERBEO,0,0,0,0,0,0,0,0,0,0,
15092,BOYACÁ,BETÉITIVA,0,0,0,0,0,0,0,0,1,0,Bajo
15097,BOYACÁ,BOAVITA,0,0,0,0,0,0,0,0,1,0,Bajo
15104,BOYACÁ,BOYACÁ,0,0,0,0,0,0,0,0,0,0,
15106,BOYACÁ,BRICEÑO,0,0,0,0,0,0,0,0,1,844,Bajo
15109,BOYACÁ,BUENAVISTA,0,0,0,0,0,0,0,0,1,43,Bajo
15114,BOYACÁ,BUSBANZÁ,0,0,0,0,0,0,0,0,0,0,
15131,BOYACÁ,CALDAS,0,0,0,0,0,0,0,0,0,0,
15135,BOYACÁ,CAMPOHERMOSO,0,0,0,0,0,0,0,0,0,0,
15162,BOYACÁ,CERINZA,0,0,0,0,0,0,0,0,0,0,
15172,BOYACÁ,CHINAVITA,0,0,0,0,0,0,0,0,2,0,Bajo
15176,BOYACÁ,CHIQUINQUIRÁ,0,0,0,0,0,0,0,0,1,0,Bajo
15180,BOYACÁ,CHISCAS,0,0,0,0,0,0,0,0,0,0,
15183,BOYACÁ,CHITA,0,0,0,0,0,0,0,0,3,0,Bajo
15185,BOYACÁ,CHITARAQUE,0,0,0,0,0,0,0,0,0,0,
15187,BOYACÁ,CHIVATÁ,0,0,0,0,0,0,0,0,1,1,Bajo
15189,BOYACÁ,CIÉNEGA,0,0,0,0,0,0,0,0,1,0,Bajo
15204,BOYACÁ,CÓMBITA,0,0,0,0,0,0,0,0,0,0,
15212,BOYACÁ,COPER,0,0,0,0,0,0,0,0,1,4,Bajo
15215,BOYACÁ,CORRALES,0,0,0,0,0,0,0,0,0,0,
15218,BOYACÁ,COVARACHÍA,0,0,0,0,0,0,0,0,1,0,Bajo
15223,BOYACÁ,CUBARÁ,0,0,0,0,1,1,0,0,0,0,Bajo
19318,CAUCA,GUAPI,2,1,4,506,11,17,0,0,0,0,Alto
15224,BOYACÁ,CUCAITA,0,0,0,0,0,0,0,0,0,0,
15226,BOYACÁ,CUÍTIVA,0,0,0,0,0,0,0,0,2,0,Bajo
15232,BOYACÁ,CHÍQUIZA,0,0,0,0,0,0,0,0,1,0,Bajo
15236,BOYACÁ,CHIVOR,0,0,0,0,0,0,0,0,0,0,
15238,BOYACÁ,DUITAMA,0,0,0,0,0,0,0,0,2,4,Bajo
15244,BOYACÁ,EL COCUY,0,0,0,0,0,0,0,0,0,0,
15248,BOYACÁ,EL ESPINO,0,0,0,0,0,0,0,0,1,0,Bajo
15272,BOYACÁ,FIRAVITOBA,0,0,0,0,0,0,0,0,3,0,Bajo
15276,BOYACÁ,FLORESTA,0,0,0,0,0,0,0,0,1,0,Bajo
15293,BOYACÁ,GACHANTIVÁ,0,0,0,0,0,0,0,0,0,0,
15296,BOYACÁ,GÁMEZA,0,0,0,0,0,0,0,0,1,1,Bajo
15299,BOYACÁ,GARAGOA,0,0,0,0,0,0,0,0,1,0,Bajo
15317,BOYACÁ,GUACAMAYAS,0,0,0,0,0,0,0,0,0,0,
15322,BOYACÁ,GUATEQUE,0,0,0,0,0,0,0,0,2,0,Bajo
15325,BOYACÁ,GUAYATÁ,0,0,0,0,0,0,0,0,0,0,
15332,BOYACÁ,GÜICÁN DE LA SIERRA,0,0,0,0,0,0,0,0,0,0,
15362,BOYACÁ,IZA,0,0,0,0,0,0,0,0,1,0,Bajo
15367,BOYACÁ,JENESANO,0,0,0,0,0,0,0,0,2,164,Bajo
15368,BOYACÁ,JERICÓ,0,0,0,0,0,0,0,0,0,0,
15377,BOYACÁ,LABRANZAGRANDE,0,0,0,0,0,0,0,0,0,0,
15380,BOYACÁ,LA CAPILLA,0,0,0,0,0,0,0,0,0,0,
15401,BOYACÁ,LA VICTORIA,0,0,0,0,0,0,0,0,0,0,
15403,BOYACÁ,LA UVITA,0,0,0,0,0,0,0,0,0,0,
15407,BOYACÁ,VILLA DE LEYVA,0,0,0,0,0,0,0,0,1,0,Bajo
15425,BOYACÁ,MACANAL,0,0,0,0,0,0,0,0,1,0,Bajo
15442,BOYACÁ,MARIPÍ,0,0,0,0,0,0,0,0,1,0,Bajo
15455,BOYACÁ,MIRAFLORES,0,0,0,0,0,0,0,0,0,0,
15464,BOYACÁ,MONGUA,0,0,0,0,0,0,0,0,2,0,Bajo
15466,BOYACÁ,MONGUÍ,0,0,0,0,0,0,0,0,0,0,
15469,BOYACÁ,MONIQUIRÁ,0,0,0,0,0,0,0,0,1,4,Bajo
15476,BOYACÁ,MOTAVITA,0,0,0,0,0,0,0,0,0,0,
15480,BOYACÁ,MUZO,0,0,0,0,0,0,0,0,2,178,Bajo
15491,BOYACÁ,NOBSA,0,0,0,0,0,0,0,0,3,35,Bajo
15494,BOYACÁ,NUEVO COLÓN,0,0,0,0,0,0,0,0,1,0,Bajo
15500,BOYACÁ,OICATÁ,0,0,0,0,0,0,0,0,0,0,
15507,BOYACÁ,OTANCHE,0,0,0,0,0,0,0,0,1,1,Bajo
15511,BOYACÁ,PACHAVITA,0,0,0,0,0,0,0,0,0,0,
15514,BOYACÁ,PÁEZ,0,0,0,0,0,0,0,0,0,0,
15516,BOYACÁ,PAIPA,0,0,0,0,0,0,0,0,3,39,Bajo
15518,BOYACÁ,PAJARITO,0,0,0,0,0,0,0,0,0,0,
15522,BOYACÁ,PANQUEBA,0,0,0,0,0,0,0,0,0,0,
15531,BOYACÁ,PAUNA,0,0,0,0,0,0,0,0,2,0,Bajo
15533,BOYACÁ,PAYA,0,0,0,0,0,0,0,0,0,0,
15537,BOYACÁ,PAZ DE RÍO,0,0,0,0,0,0,0,0,0,0,
15542,BOYACÁ,PESCA,0,0,0,0,0,0,0,0,1,0,Bajo
15550,BOYACÁ,PISBA,0,0,0,0,0,0,0,0,1,0,Bajo
15572,BOYACÁ,PUERTO BOYACÁ,0,0,0,0,0,0,0,0,4,540,Bajo
15580,BOYACÁ,QUÍPAMA,0,0,0,0,0,0,0,0,1,244,Bajo
15599,BOYACÁ,RAMIRIQUÍ,0,0,0,0,0,0,0,0,0,0,
15600,BOYACÁ,RÁQUIRA,0,0,0,0,0,0,0,0,4,2,Bajo
15621,BOYACÁ,RONDÓN,0,0,0,0,0,0,0,0,0,0,
15632,BOYACÁ,SABOYÁ,0,0,0,0,0,0,0,0,0,0,
15638,BOYACÁ,SÁCHICA,0,0,0,0,0,0,0,0,0,0,
15646,BOYACÁ,SAMACÁ,0,0,0,0,0,0,0,0,2,7,Bajo
15660,BOYACÁ,SAN EDUARDO,0,0,0,0,0,0,0,0,0,0,
15664,BOYACÁ,SAN JOSÉ DE PARE,0,0,0,0,0,0,0,0,0,0,
15667,BOYACÁ,SAN LUIS DE GACENO,0,0,0,0,0,0,0,0,0,0,
15673,BOYACÁ,SAN MATEO,0,0,0,0,0,0,0,0,2,0,Bajo
15676,BOYACÁ,SAN MIGUEL DE SEMA,0,0,0,0,0,0,0,0,0,0,
15681,BOYACÁ,SAN PABLO DE BORBUR,0,0,0,0,0,0,0,0,0,0,
15686,BOYACÁ,SANTANA,0,0,0,0,0,0,0,0,0,0,
15690,BOYACÁ,SANTA MARÍA,0,0,0,0,0,0,0,0,2,0,Bajo
15693,BOYACÁ,SANTA ROSA DE VITERBO,0,0,0,0,0,0,0,0,0,0,
15696,BOYACÁ,SANTA SOFÍA,0,0,0,0,0,0,0,0,0,0,
15720,BOYACÁ,SATIVANORTE,0,0,0,0,0,0,0,0,1,0,Bajo
15723,BOYACÁ,SATIVASUR,0,0,0,0,0,0,0,0,1,1,Bajo
15740,BOYACÁ,SIACHOQUE,0,0,0,0,0,0,0,0,0,0,
15753,BOYACÁ,SOATÁ,0,0,0,0,0,0,0,0,0,0,
15755,BOYACÁ,SOCOTÁ,0,0,0,0,0,0,0,0,0,0,
15757,BOYACÁ,SOCHA,0,0,0,0,0,0,0,0,0,0,
15759,BOYACÁ,SOGAMOSO,0,0,0,0,0,0,0,0,3,0,Bajo
15761,BOYACÁ,SOMONDOCO,0,0,0,0,0,0,0,0,0,0,
15762,BOYACÁ,SORA,0,0,0,0,0,0,0,0,0,0,
15763,BOYACÁ,SOTAQUIRÁ,0,0,0,0,0,0,0,0,1,0,Bajo
15764,BOYACÁ,SORACÁ,0,0,0,0,0,0,0,0,1,0,Bajo
15774,BOYACÁ,SUSACÓN,0,0,0,0,0,0,0,0,0,0,
15776,BOYACÁ,SUTAMARCHÁN,0,0,0,0,0,0,0,0,1,0,Bajo
15778,BOYACÁ,SUTATENZA,0,0,0,0,0,0,0,0,1,0,Bajo
15790,BOYACÁ,TASCO,0,0,0,0,0,0,0,0,1,15,Bajo
15798,BOYACÁ,TENZA,0,0,0,0,0,0,0,0,0,0,
15804,BOYACÁ,TIBANÁ,0,0,0,0,0,0,0,0,2,0,Bajo
15806,BOYACÁ,TIBASOSA,0,0,0,0,0,0,0,0,0,0,
15808,BOYACÁ,TINJACÁ,0,0,0,0,0,0,0,0,0,0,
15810,BOYACÁ,TIPACOQUE,0,0,0,0,0,0,0,0,0,0,
15814,BOYACÁ,TOCA,0,0,0,0,0,0,0,0,0,0,
15816,BOYACÁ,TOGÜÍ,0,0,0,0,0,0,0,0,0,0,
15820,BOYACÁ,TÓPAGA,0,0,0,0,0,0,0,0,1,0,Bajo
15822,BOYACÁ,TOTA,0,0,0,0,0,0,0,0,2,0,Bajo
15832,BOYACÁ,TUNUNGUÁ,0,0,0,0,0,0,0,0,0,0,
15835,BOYACÁ,TURMEQUÉ,0,0,0,0,0,0,0,0,2,4,Bajo
15837,BOYACÁ,TUTA,0,0,0,0,0,0,0,0,0,0,
15839,BOYACÁ,TUTAZÁ,0,0,0,0,0,0,0,0,0,0,
15842,BOYACÁ,ÚMBITA,0,0,0,0,0,0,0,0,0,0,
15861,BOYACÁ,VENTAQUEMADA,0,0,0,0,0,0,0,0,2,0,Bajo
15879,BOYACÁ,VIRACACHÁ,0,0,0,0,0,0,0,0,0,0,
15897,BOYACÁ,ZETAQUIRA,0,0,0,0,0,0,0,0,0,0,
17001,CALDAS,MANIZALES,0,0,0,0,0,0,1,0,3,43,Bajo
17013,CALDAS,AGUADAS,0,0,0,0,0,0,0,0,5,32,Bajo
17042,CALDAS,ANSERMA,0,0,0,0,0,0,0,0,5,66,Bajo
17050,CALDAS,ARANZAZU,0,0,0,0,0,0,0,0,0,0,
17088,CALDAS,BELALCÁZAR,0,0,0,0,1,1,0,0,0,0,Bajo
17174,CALDAS,CHINCHINÁ,0,0,0,0,0,0,0,0,0,0,
17272,CALDAS,FILADELFIA,0,0,0,0,0,0,0,0,4,4,Bajo
17380,CALDAS,LA DORADA,0,0,0,0,1,3,0,0,3,228,Bajo
17388,CALDAS,LA MERCED,0,0,0,0,0,0,0,0,0,0,
17433,CALDAS,MANZANARES,0,0,0,0,0,0,1,0,4,43,Bajo
17442,CALDAS,MARMATO,0,0,0,0,0,0,0,0,7,70,Medio
17444,CALDAS,MARQUETALIA,0,0,0,0,0,0,0,0,1,4,Bajo
17446,CALDAS,MARULANDA,0,0,0,0,0,0,0,0,3,1,Bajo
17486,CALDAS,NEIRA,0,0,0,0,0,0,0,0,3,4,Bajo
17495,CALDAS,NORCASIA,0,0,0,0,0,0,0,0,4,8,Bajo
17513,CALDAS,PÁCORA,0,0,0,0,0,0,0,0,2,29,Bajo
17524,CALDAS,PALESTINA,0,0,0,0,0,0,0,0,2,8,Bajo
17541,CALDAS,PENSILVANIA,0,0,0,0,0,0,1,0,0,0,
17614,CALDAS,RIOSUCIO,0,0,0,0,0,0,0,0,1,12,Bajo
17616,CALDAS,RISARALDA,0,0,0,0,0,0,0,0,1,0,Bajo
17653,CALDAS,SALAMINA,0,0,0,0,0,0,0,0,3,63,Bajo
17662,CALDAS,SAMANÁ,0,0,0,0,0,0,0,0,8,171,Medio
17665,CALDAS,SAN JOSÉ,0,0,0,0,0,0,0,0,0,0,
17777,CALDAS,SUPÍA,0,0,0,0,0,0,0,0,5,185,Bajo
17867,CALDAS,VICTORIA,0,0,0,0,0,0,0,0,0,0,
17873,CALDAS,VILLAMARÍA,0,0,0,0,0,0,0,0,2,12,Bajo
17877,CALDAS,VITERBO,0,0,0,0,0,0,0,0,0,0,
18001,CAQUETÁ,FLORENCIA,0,0,0,0,9,9,0,0,9,48,Medio
18029,CAQUETÁ,ALBANIA,0,0,0,0,2,3,0,0,0,0,Bajo
18094,CAQUETÁ,BELÉN DE LOS ANDAQUÍES,1,0,0,0,1,0,0,0,1,8,Bajo
18150,CAQUETÁ,CARTAGENA DEL CHAIRÁ,0,0,1,33,6,5,0,0,0,0,Bajo
18205,CAQUETÁ,CURILLO,0,0,0,0,2,3,0,0,2,460,Bajo
18247,CAQUETÁ,EL DONCELLO,0,0,0,0,0,0,0,0,1,200,Bajo
18256,CAQUETÁ,EL PAUJÍL,0,0,0,0,2,3,0,0,0,0,Bajo
18410,CAQUETÁ,LA MONTAÑITA,1,0,2,75,6,8,1,7400,2,140,Bajo
18460,CAQUETÁ,MILÁN,0,0,0,0,0,0,0,0,3,200,Bajo
18479,CAQUETÁ,MORELIA,0,0,0,0,0,0,0,0,0,0,
18592,CAQUETÁ,PUERTO RICO,0,0,0,0,4,9,0,0,2,41,Bajo
18610,CAQUETÁ,SAN JOSÉ DEL FRAGUA,0,0,0,0,4,5,0,0,0,0,Bajo
18753,CAQUETÁ,SAN VICENTE DEL CAGUÁN,2,0,1,20,13,19,0,0,4,50,Bajo
18756,CAQUETÁ,SOLANO,1,0,1,20,5,4,0,0,1,0,Bajo
18785,CAQUETÁ,SOLITA,0,0,0,0,1,1,0,0,0,0,Bajo
18860,CAQUETÁ,VALPARAÍSO,0,0,0,0,0,0,0,0,0,0,
19001,CAUCA,POPAYÁN,0,0,0,0,6,4,0,0,7,55,Medio
19022,CAUCA,ALMAGUER,0,0,0,0,0,0,0,0,2,4,Bajo
19050,CAUCA,ARGELIA,9,20,4,757,13,39,1,0,9,141,Alto
19075,CAUCA,BALBOA,4,2,0,0,4,8,0,0,13,51,Medio
19100,CAUCA,BOLÍVAR,1,0,0,0,7,9,1,0,3,110,Bajo
19110,CAUCA,BUENOS AIRES,11,3,2,538,8,12,0,0,5,32,Alto
19130,CAUCA,CAJIBÍO,0,0,0,0,4,5,0,0,5,108,Bajo
19137,CAUCA,CALDONO,9,4,0,0,15,24,1,0,9,542,Alto
19142,CAUCA,CALOTO,7,2,0,0,13,23,0,0,0,0,Alto
19212,CAUCA,CORINTO,16,6,0,0,8,9,0,0,2,9,Alto
19256,CAUCA,EL TAMBO,8,12,0,0,18,23,1,3000,11,35,Alto
19290,CAUCA,FLORENCIA,0,0,0,0,0,0,0,0,2,1,Bajo
19300,CAUCA,GUACHENÉ,0,0,0,0,0,0,0,0,0,0,
19355,CAUCA,INZÁ,0,0,0,0,1,1,2,0,9,294,Medio
19364,CAUCA,JAMBALÓ,0,0,0,0,1,1,0,0,0,0,Bajo
19392,CAUCA,LA SIERRA,0,0,0,0,2,2,1,0,2,120,Bajo
19397,CAUCA,LA VEGA,0,0,0,0,0,0,0,0,3,12,Bajo
19418,CAUCA,LÓPEZ DE MICAY,2,1,0,0,2,1,1,0,4,20,Bajo
19450,CAUCA,MERCADERES,0,0,0,0,3,4,0,0,9,189,Medio
19455,CAUCA,MIRANDA,2,0,0,0,7,11,3,0,5,135,Bajo
19473,CAUCA,MORALES,0,0,0,0,9,12,2,0,3,6,Bajo
19513,CAUCA,PADILLA,0,0,0,0,1,0,1,0,3,1200,Bajo
19517,CAUCA,PÁEZ,0,0,0,0,5,3,1,0,6,9,Bajo
19532,CAUCA,PATÍA,2,0,0,0,6,14,0,0,19,634,Medio
19533,CAUCA,PIAMONTE,0,0,0,0,1,1,0,0,6,29,Bajo
19548,CAUCA,PIENDAMÓ - TUNÍA,2,0,0,0,1,2,1,0,3,566,Bajo
19573,CAUCA,PUERTO TEJADA,0,0,0,0,2,2,0,0,3,42,Bajo
19585,CAUCA,PURACÉ,0,0,0,0,0,0,0,0,4,24,Bajo
19622,CAUCA,ROSAS,0,0,0,0,1,1,0,0,3,18,Bajo
19693,CAUCA,SAN SEBASTIÁN,0,0,0,0,0,0,0,0,3,112,Bajo
19698,CAUCA,SANTANDER DE QUILICHAO,6,0,0,0,23,56,2,2000,7,637,Alto
19701,CAUCA,SANTA ROSA,0,0,0,0,0,0,0,0,4,19,Bajo
19743,CAUCA,SILVIA,0,0,0,0,2,2,0,0,9,177,Medio
19760,CAUCA,SOTARÁ PAISPAMBA,0,0,0,0,0,0,1,0,9,210,Medio
19780,CAUCA,SUÁREZ,6,301,1,192,6,9,1,4000,15,353,Medio
19785,CAUCA,SUCRE,0,0,0,0,1,2,0,0,0,0,Bajo
19807,CAUCA,TIMBÍO,1,0,0,0,3,2,1,0,4,322,Bajo
19809,CAUCA,TIMBIQUÍ,0,0,0,0,2,7,0,0,1,4,Bajo
19821,CAUCA,TORIBÍO,10,10,0,0,5,5,0,0,7,249,Alto
19824,CAUCA,TOTORÓ,0,0,0,0,1,1,2,0,5,40,Bajo
19845,CAUCA,VILLA RICA,0,0,0,0,0,0,0,0,2,0,Bajo
20001,CESAR,VALLEDUPAR,0,0,0,0,3,3,0,0,2,0,Bajo
20011,CESAR,AGUACHICA,1,19,0,0,1,0,0,0,2,400,Bajo
20013,CESAR,AGUSTÍN CODAZZI,0,0,0,0,0,0,0,0,1,52,Bajo
20032,CESAR,ASTREA,0,0,0,0,0,0,0,0,0,0,
20045,CESAR,BECERRIL,0,0,0,0,0,0,0,0,0,0,
20060,CESAR,BOSCONIA,0,0,0,0,2,1,0,0,3,264,Bajo
20175,CESAR,CHIMICHAGUA,0,0,0,0,0,0,0,0,1,56,Bajo
20178,CESAR,CHIRIGUANÁ,1,2,0,0,1,0,0,0,4,392,Bajo
20228,CESAR,CURUMANÍ,1,1,0,0,0,0,0,0,1,100,Bajo
20238,CESAR,EL COPEY,0,0,0,0,0,0,0,0,3,8,Bajo
20250,CESAR,EL PASO,0,0,0,0,0,0,0,0,3,1,Bajo
20295,CESAR,GAMARRA,0,0,0,0,0,0,0,0,0,0,
20310,CESAR,GONZÁLEZ,1,0,0,0,1,1,0,0,0,0,Bajo
20383,CESAR,LA GLORIA,0,0,0,0,0,0,0,0,0,0,
20400,CESAR,LA JAGUA DE IBIRICO,0,0,0,0,0,0,0,0,0,0,
20443,CESAR,MANAURE BALCÓN DEL CESAR,0,0,0,0,0,0,0,0,0,0,
20517,CESAR,PAILITAS,2,0,0,0,1,1,0,0,0,0,Bajo
20550,CESAR,PELAYA,2,0,0,0,1,1,0,0,1,0,Bajo
20570,CESAR,PUEBLO BELLO,0,0,1,58,1,1,0,0,3,28,Bajo
20614,CESAR,RÍO DE ORO,0,0,0,0,0,0,0,0,0,0,
20621,CESAR,LA PAZ,0,0,0,0,0,0,0,0,0,0,
20710,CESAR,SAN ALBERTO,0,0,0,0,0,0,0,0,0,0,
20750,CESAR,SAN DIEGO,0,0,0,0,0,0,0,0,0,0,
20770,CESAR,SAN MARTÍN,0,0,0,0,0,0,0,0,2,0,Bajo
20787,CESAR,TAMALAMEQUE,0,0,0,0,0,0,0,0,2,751,Bajo
23001,CÓRDOBA,MONTERÍA,0,0,0,0,0,0,0,0,0,0,
23068,CÓRDOBA,AYAPEL,0,0,0,0,0,0,1,11298,1,0,Bajo
23079,CÓRDOBA,BUENAVISTA,0,0,0,0,0,0,0,0,0,0,
23090,CÓRDOBA,CANALETE,0,0,0,0,0,0,0,0,0,0,
23162,CÓRDOBA,CERETÉ,0,0,0,0,0,0,0,0,0,0,
23168,CÓRDOBA,CHIMÁ,0,0,0,0,0,0,0,0,0,0,
23182,CÓRDOBA,CHINÚ,0,0,0,0,0,0,0,0,0,0,
23189,CÓRDOBA,CIÉNAGA DE ORO,0,0,0,0,0,0,0,0,0,0,
23300,CÓRDOBA,COTORRA,0,0,0,0,0,0,0,0,0,0,
23350,CÓRDOBA,LA APARTADA,0,0,0,0,0,0,0,0,1,2040,Bajo
23417,CÓRDOBA,LORICA,0,0,0,0,0,0,0,0,2,12805,Bajo
23419,CÓRDOBA,LOS CÓRDOBAS,0,0,0,0,0,0,0,0,0,0,
23464,CÓRDOBA,MOMIL,0,0,0,0,0,0,0,0,0,0,
23466,CÓRDOBA,MONTELÍBANO,0,0,0,0,0,0,0,0,0,0,
23500,CÓRDOBA,MOÑITOS,0,0,0,0,0,0,0,0,0,0,
23555,CÓRDOBA,PLANETA RICA,0,0,0,0,0,0,0,0,0,0,
23570,CÓRDOBA,PUEBLO NUEVO,0,0,0,0,0,0,0,0,0,0,
23574,CÓRDOBA,PUERTO ESCONDIDO,0,0,0,0,0,0,0,0,0,0,
23580,CÓRDOBA,PUERTO LIBERTADOR,0,0,3,1179,0,0,0,0,0,0,Bajo
23586,CÓRDOBA,PURÍSIMA DE LA CONCEPCIÓN,0,0,0,0,0,0,0,0,1,455,Bajo
23660,CÓRDOBA,SAHAGÚN,0,0,0,0,0,0,0,0,0,0,
23670,CÓRDOBA,SAN ANDRÉS DE SOTAVENTO,0,0,0,0,0,0,0,0,0,0,
23672,CÓRDOBA,SAN ANTERO,0,0,0,0,0,0,0,0,0,0,
23675,CÓRDOBA,SAN BERNARDO DEL VIENTO,0,0,0,0,1,1,0,0,0,0,Bajo
23678,CÓRDOBA,SAN CARLOS,0,0,0,0,0,0,0,0,0,0,
23682,CÓRDOBA,SAN JOSÉ DE URÉ,0,0,1,1468,0,0,0,0,3,1595,Bajo
23686,CÓRDOBA,SAN PELAYO,0,0,0,0,0,0,0,0,0,0,
23807,CÓRDOBA,TIERRALTA,3,2,1,143,0,0,1,2769,0,0,Bajo
23815,CÓRDOBA,TUCHÍN,0,0,0,0,0,0,0,0,0,0,
23855,CÓRDOBA,VALENCIA,0,0,0,0,0,0,0,0,0,0,
25001,CUNDINAMARCA,AGUA DE DIOS,0,0,0,0,0,0,0,0,2,64,Bajo
25019,CUNDINAMARCA,ALBÁN,0,0,0,0,0,0,0,0,2,0,Bajo
25035,CUNDINAMARCA,ANAPOIMA,0,0,0,0,0,0,0,0,5,275,Bajo
25040,CUNDINAMARCA,ANOLAIMA,0,0,0,0,0,0,0,0,8,186,Medio
25053,CUNDINAMARCA,ARBELÁEZ,0,0,0,0,0,0,0,0,5,12,Bajo
25086,CUNDINAMARCA,BELTRÁN,0,0,0,0,0,0,0,0,1,8,Bajo
25095,CUNDINAMARCA,BITUIMA,0,0,0,0,0,0,0,0,7,115,Medio
25099,CUNDINAMARCA,BOJACÁ,0,0,0,0,0,0,0,0,1,0,Bajo
25120,CUNDINAMARCA,CABRERA,0,0,0,0,0,0,0,0,6,30,Bajo
25123,CUNDINAMARCA,CACHIPAY,0,0,0,0,0,0,0,0,2,2,Bajo
25126,CUNDINAMARCA,CAJICÁ,0,0,0,0,0,0,0,0,0,0,
25148,CUNDINAMARCA,CAPARRAPÍ,0,0,0,0,0,0,0,0,11,99,Medio
25151,CUNDINAMARCA,CÁQUEZA,0,0,0,0,0,0,0,0,11,89,Medio
25154,CUNDINAMARCA,CARMEN DE CARUPA,0,0,0,0,0,0,0,0,1,0,Bajo
25168,CUNDINAMARCA,CHAGUANÍ,0,0,0,0,0,0,0,0,2,0,Bajo
25175,CUNDINAMARCA,CHÍA,0,0,0,0,0,0,0,0,3,0,Bajo
25178,CUNDINAMARCA,CHIPAQUE,0,0,0,0,0,0,0,0,2,20,Bajo
25181,CUNDINAMARCA,CHOACHÍ,0,0,0,0,0,0,0,0,8,21,Medio
25183,CUNDINAMARCA,CHOCONTÁ,0,0,0,0,0,0,0,0,6,9,Bajo
25200,CUNDINAMARCA,COGUA,0,0,0,0,0,0,0,0,0,0,
25214,CUNDINAMARCA,COTA,0,0,0,0,0,0,0,0,2,5,Bajo
25224,CUNDINAMARCA,CUCUNUBÁ,0,0,0,0,0,0,0,0,1,2,Bajo
25245,CUNDINAMARCA,EL COLEGIO,0,0,0,0,0,0,0,0,6,36,Bajo
25258,CUNDINAMARCA,EL PEÑÓN,0,0,0,0,0,0,0,0,9,323,Medio
25260,CUNDINAMARCA,EL ROSAL,0,0,0,0,0,0,0,0,5,73,Bajo
25269,CUNDINAMARCA,FACATATIVÁ,0,0,0,0,0,0,0,0,3,28,Bajo
25279,CUNDINAMARCA,FÓMEQUE,0,0,0,0,0,0,0,0,8,3,Medio
25281,CUNDINAMARCA,FOSCA,0,0,0,0,0,0,0,0,6,8,Bajo
25286,CUNDINAMARCA,FUNZA,0,0,0,0,0,0,0,0,2,8,Bajo
25288,CUNDINAMARCA,FÚQUENE,0,0,0,0,0,0,0,0,1,56,Bajo
25290,CUNDINAMARCA,FUSAGASUGÁ,0,0,0,0,0,0,0,0,8,59,Medio
25293,CUNDINAMARCA,GACHALÁ,0,0,0,0,0,0,0,0,2,75,Bajo
25295,CUNDINAMARCA,GACHANCIPÁ,0,0,0,0,0,0,0,0,1,0,Bajo
25297,CUNDINAMARCA,GACHETÁ,0,0,0,0,0,0,0,0,0,0,
25299,CUNDINAMARCA,GAMA,0,0,0,0,0,0,0,0,0,0,
25307,CUNDINAMARCA,GIRARDOT,0,0,0,0,0,0,0,0,3,78,Bajo
25312,CUNDINAMARCA,GRANADA,0,0,0,0,0,0,0,0,0,0,
25317,CUNDINAMARCA,GUACHETÁ,0,0,0,0,0,0,0,0,3,8,Bajo
25320,CUNDINAMARCA,GUADUAS,0,0,0,0,0,0,0,0,12,127,Medio
25322,CUNDINAMARCA,GUASCA,0,0,0,0,0,0,0,0,0,0,
25324,CUNDINAMARCA,GUATAQUÍ,0,0,0,0,0,0,0,0,2,26,Bajo
25326,CUNDINAMARCA,GUATAVITA,0,0,0,0,0,0,0,0,1,0,Bajo
25328,CUNDINAMARCA,GUAYABAL DE SÍQUIMA,0,0,0,0,0,0,0,0,6,61,Bajo
25335,CUNDINAMARCA,GUAYABETAL,0,0,0,0,0,0,0,0,2,0,Bajo
25339,CUNDINAMARCA,GUTIÉRREZ,0,0,0,0,0,0,0,0,2,0,Bajo
25368,CUNDINAMARCA,JERUSALÉN,0,0,0,0,0,0,0,0,4,228,Bajo
25372,CUNDINAMARCA,JUNÍN,0,0,0,0,0,0,0,0,2,0,Bajo
25377,CUNDINAMARCA,LA CALERA,0,0,0,0,0,0,0,0,5,11,Bajo
25386,CUNDINAMARCA,LA MESA,0,0,0,0,0,0,0,0,5,43,Bajo
25394,CUNDINAMARCA,LA PALMA,0,0,0,0,0,0,0,0,5,98,Bajo
25398,CUNDINAMARCA,LA PEÑA,0,0,0,0,0,0,0,0,7,128,Medio
25402,CUNDINAMARCA,LA VEGA,0,0,0,0,0,0,0,0,8,24,Medio
25407,CUNDINAMARCA,LENGUAZAQUE,0,0,0,0,0,0,0,0,0,0,
25426,CUNDINAMARCA,MACHETÁ,0,0,0,0,0,0,0,0,2,4,Bajo
25430,CUNDINAMARCA,MADRID,0,0,0,0,0,0,0,0,4,30,Bajo
25436,CUNDINAMARCA,MANTA,0,0,0,0,0,0,0,0,2,540,Bajo
25438,CUNDINAMARCA,MEDINA,0,0,0,0,0,0,0,0,4,15,Bajo
25473,CUNDINAMARCA,MOSQUERA,0,0,0,0,0,0,0,0,2,4,Bajo
25483,CUNDINAMARCA,NARIÑO,0,0,0,0,0,0,0,0,1,0,Bajo
25486,CUNDINAMARCA,NEMOCÓN,0,0,0,0,0,0,0,0,1,0,Bajo
25488,CUNDINAMARCA,NILO,0,0,0,0,0,0,0,0,1,19,Bajo
25489,CUNDINAMARCA,NIMAIMA,0,0,0,0,0,0,0,0,1,10,Bajo
25491,CUNDINAMARCA,NOCAIMA,0,0,0,0,0,0,0,0,6,70,Bajo
25506,CUNDINAMARCA,VENECIA,0,0,0,0,0,0,0,0,8,132,Medio
25513,CUNDINAMARCA,PACHO,0,0,0,0,0,0,0,0,12,240,Medio
25518,CUNDINAMARCA,PAIME,0,0,0,0,0,0,0,0,2,7,Bajo
25524,CUNDINAMARCA,PANDI,0,0,0,0,0,0,0,0,2,220,Bajo
25530,CUNDINAMARCA,PARATEBUENO,0,0,0,0,0,0,0,0,6,0,Bajo
25535,CUNDINAMARCA,PASCA,0,0,0,0,0,0,0,0,1,0,Bajo
25572,CUNDINAMARCA,PUERTO SALGAR,0,0,0,0,0,0,0,0,1,130,Bajo
25580,CUNDINAMARCA,PULÍ,0,0,0,0,0,0,0,0,1,0,Bajo
25592,CUNDINAMARCA,QUEBRADANEGRA,0,0,0,0,0,0,0,0,2,3,Bajo
25594,CUNDINAMARCA,QUETAME,0,0,0,0,0,0,0,0,4,15,Bajo
25596,CUNDINAMARCA,QUIPILE,0,0,0,0,0,0,0,0,6,59,Bajo
25599,CUNDINAMARCA,APULO,0,0,0,0,0,0,0,0,4,4,Bajo
25612,CUNDINAMARCA,RICAURTE,0,0,0,0,0,0,0,0,1,0,Bajo
25645,CUNDINAMARCA,SAN ANTONIO DEL TEQUENDAMA,0,0,0,0,0,0,0,0,4,30,Bajo
25649,CUNDINAMARCA,SAN BERNARDO,0,0,0,0,0,0,0,0,2,561,Bajo
25653,CUNDINAMARCA,SAN CAYETANO,0,0,0,0,0,0,0,0,0,0,
25658,CUNDINAMARCA,SAN FRANCISCO,0,0,0,0,0,0,0,0,4,157,Bajo
25662,CUNDINAMARCA,SAN JUAN DE RIOSECO,0,0,0,0,0,0,0,0,4,13,Bajo
25718,CUNDINAMARCA,SASAIMA,0,0,0,0,0,0,0,0,7,344,Medio
25736,CUNDINAMARCA,SESQUILÉ,0,0,0,0,0,0,0,0,4,10,Bajo
25740,CUNDINAMARCA,SIBATÉ,0,0,0,0,0,0,0,0,3,16,Bajo
25743,CUNDINAMARCA,SILVANIA,0,0,0,0,0,0,0,0,4,52,Bajo
25745,CUNDINAMARCA,SIMIJACA,0,0,0,0,0,0,0,0,1,48,Bajo
25754,CUNDINAMARCA,SOACHA,0,0,0,0,1,3,0,0,11,285,Medio
25758,CUNDINAMARCA,SOPÓ,0,0,0,0,0,0,0,0,2,8,Bajo
25769,CUNDINAMARCA,SUBACHOQUE,0,0,0,0,0,0,0,0,0,0,
25772,CUNDINAMARCA,SUESCA,0,0,0,0,0,0,0,0,1,0,Bajo
25777,CUNDINAMARCA,SUPATÁ,0,0,0,0,0,0,0,0,3,0,Bajo
25779,CUNDINAMARCA,SUSA,0,0,0,0,0,0,0,0,1,76,Bajo
25781,CUNDINAMARCA,SUTATAUSA,0,0,0,0,0,0,0,0,2,1,Bajo
25785,CUNDINAMARCA,TABIO,0,0,0,0,0,0,0,0,3,40,Bajo
25793,CUNDINAMARCA,TAUSA,0,0,0,0,0,0,0,0,1,0,Bajo
25797,CUNDINAMARCA,TENA,0,0,0,0,0,0,0,0,4,16,Bajo
25799,CUNDINAMARCA,TENJO,0,0,0,0,0,0,0,0,4,34,Bajo
25805,CUNDINAMARCA,TIBACUY,0,0,0,0,0,0,0,0,2,0,Bajo
25807,CUNDINAMARCA,TIBIRITA,0,0,0,0,0,0,0,0,3,0,Bajo
25815,CUNDINAMARCA,TOCAIMA,0,0,0,0,0,0,0,0,11,514,Medio
25817,CUNDINAMARCA,TOCANCIPÁ,0,0,0,0,0,0,0,0,0,0,
25823,CUNDINAMARCA,TOPAIPÍ,0,0,0,0,0,0,0,0,1,0,Bajo
25839,CUNDINAMARCA,UBALÁ,0,0,0,0,0,0,0,0,5,0,Bajo
25841,CUNDINAMARCA,UBAQUE,0,0,0,0,0,0,0,0,1,4,Bajo
25843,CUNDINAMARCA,VILLA DE SAN DIEGO DE UBATÉ,0,0,0,0,0,0,0,0,2,75,Bajo
25845,CUNDINAMARCA,UNE,0,0,0,0,0,0,0,0,3,54,Bajo
25851,CUNDINAMARCA,ÚTICA,0,0,0,0,0,0,0,0,1,28,Bajo
25862,CUNDINAMARCA,VERGARA,0,0,0,0,0,0,0,0,4,180,Bajo
25867,CUNDINAMARCA,VIANÍ,0,0,0,0,0,0,0,0,1,20,Bajo
25871,CUNDINAMARCA,VILLAGÓMEZ,0,0,0,0,0,0,0,0,3,0,Bajo
25873,CUNDINAMARCA,VILLAPINZÓN,0,0,0,0,0,0,0,0,1,80,Bajo
25875,CUNDINAMARCA,VILLETA,0,0,0,0,0,0,0,0,8,100,Medio
25878,CUNDINAMARCA,VIOTÁ,0,0,0,0,0,0,0,0,5,116,Bajo
25885,CUNDINAMARCA,YACOPÍ,0,0,0,0,0,0,0,0,1,0,Bajo
25898,CUNDINAMARCA,ZIPACÓN,0,0,0,0,0,0,0,0,1,4,Bajo
25899,CUNDINAMARCA,ZIPAQUIRÁ,0,0,0,0,0,0,0,0,1,0,Bajo
27001,CHOCÓ,QUIBDÓ,2,4,3,410,24,69,3,13840,4,150,Alto
27006,CHOCÓ,ACANDÍ,2,1,0,0,4,4,1,2108,2,551,Bajo
27025,CHOCÓ,ALTO BAUDÓ,8,7,2,255,1,0,0,0,1,25,Alto
27050,CHOCÓ,ATRATO,0,0,0,0,0,0,1,2812,0,0,
27073,CHOCÓ,BAGADÓ,1,1,3,680,1,0,1,6400,0,0,Bajo
27075,CHOCÓ,BAHÍA SOLANO,2,3,0,0,2,1,0,0,1,16,Bajo
27077,CHOCÓ,BAJO BAUDÓ,3,2,1,99,1,5,0,0,1,3030,Bajo
27099,CHOCÓ,BOJAYÁ,3,1,0,0,5,3,1,3098,3,4435,Bajo
27135,CHOCÓ,EL CANTÓN DEL SAN PABLO,1,0,0,0,0,0,0,0,1,1011,Bajo
27150,CHOCÓ,CARMEN DEL DARIÉN,1,0,0,0,2,0,4,24171,3,4839,Bajo
27160,CHOCÓ,CÉRTEGUI,0,0,0,0,0,0,0,0,0,0,
27205,CHOCÓ,CONDOTO,0,0,0,0,1,1,0,0,2,600,Bajo
27245,CHOCÓ,EL CARMEN DE ATRATO,0,0,1,159,0,0,0,0,0,0,Bajo
27250,CHOCÓ,EL LITORAL DEL SAN JUAN,7,8,3,334,6,3,1,0,1,0,Alto
27361,CHOCÓ,ISTMINA,2,2,2,551,1,0,0,0,2,121,Bajo
27372,CHOCÓ,JURADÓ,1,2,0,0,0,0,1,0,0,0,Bajo
27413,CHOCÓ,LLORÓ,0,0,0,0,3,4,1,1500,3,2500,Bajo
27425,CHOCÓ,MEDIO ATRATO,4,7,1,191,4,3,3,7948,1,940,Bajo
27430,CHOCÓ,MEDIO BAUDÓ,3,0,1,2801,2,1,1,7630,5,3970,Bajo
27450,CHOCÓ,MEDIO SAN JUAN,3,0,7,922,7,66,0,0,2,104,Alto
27491,CHOCÓ,NÓVITA,2,0,1,0,3,2,0,0,1,0,Bajo
27495,CHOCÓ,NUQUÍ,1,2,0,0,0,0,0,0,0,0,Bajo
27580,CHOCÓ,RÍO IRÓ,0,0,0,0,0,0,0,0,0,0,
27600,CHOCÓ,RÍO QUITO,1,1,0,0,0,0,0,0,1,780,Bajo
27615,CHOCÓ,RIOSUCIO,2,0,1,650,3,1,1,4987,1,0,Bajo
27660,CHOCÓ,SAN JOSÉ DEL PALMAR,3,3,0,0,0,0,1,0,1,735,Bajo
27745,CHOCÓ,SIPÍ,3,4,2,215,3,0,0,0,1,250,Bajo
27787,CHOCÓ,TADÓ,0,0,0,0,0,0,2,0,4,17,Bajo
27800,CHOCÓ,UNGUÍA,1,0,0,0,0,0,0,0,2,600,Bajo
27810,CHOCÓ,UNIÓN PANAMERICANA,0,0,0,0,1,1,0,0,0,0,Bajo
41001,HUILA,NEIVA,0,0,0,0,2,2,0,0,3,96,Bajo
41006,HUILA,ACEVEDO,0,0,0,0,0,0,0,0,1,0,Bajo
41013,HUILA,AGRADO,0,0,0,0,0,0,0,0,1,270,Bajo
41016,HUILA,AIPE,0,0,0,0,0,0,0,0,4,110,Bajo
41020,HUILA,ALGECIRAS,0,0,0,0,0,0,0,0,11,40,Medio
41026,HUILA,ALTAMIRA,0,0,0,0,0,0,0,0,0,0,
41078,HUILA,BARAYA,0,0,0,0,0,0,0,0,5,40,Bajo
41132,HUILA,CAMPOALEGRE,0,0,0,0,1,2,0,0,4,5,Bajo
41206,HUILA,COLOMBIA,0,0,0,0,0,0,0,0,0,0,
41244,HUILA,ELÍAS,0,0,0,0,0,0,0,0,2,35,Bajo
41298,HUILA,GARZÓN,0,0,0,0,0,0,0,0,3,100,Bajo
41306,HUILA,GIGANTE,0,0,0,0,0,0,0,0,1,25,Bajo
41319,HUILA,GUADALUPE,0,0,0,0,0,0,0,0,2,48,Bajo
41349,HUILA,HOBO,0,0,0,0,0,0,0,0,3,0,Bajo
41357,HUILA,ÍQUIRA,0,0,0,0,0,0,0,0,5,28,Bajo
41359,HUILA,ISNOS,0,0,0,0,0,0,0,0,5,58,Bajo
41378,HUILA,LA ARGENTINA,0,0,0,0,0,0,0,0,5,3,Bajo
41396,HUILA,LA PLATA,0,0,0,0,1,1,1,0,12,84,Medio
41483,HUILA,NÁTAGA,0,0,0,0,0,0,0,0,5,13,Bajo
41503,HUILA,OPORAPA,0,0,0,0,0,0,0,0,4,145,Bajo
41518,HUILA,PAICOL,0,0,0,0,0,0,0,0,3,10,Bajo
41524,HUILA,PALERMO,0,0,0,0,0,0,0,0,7,4,Medio
41530,HUILA,PALESTINA,0,0,0,0,0,0,0,0,2,0,Bajo
41548,HUILA,PITAL,0,0,0,0,0,0,0,0,5,17,Bajo
41551,HUILA,PITALITO,0,0,0,0,3,3,0,0,8,279,Medio
41615,HUILA,RIVERA,0,0,0,0,0,0,0,0,2,0,Bajo
41660,HUILA,SALADOBLANCO,0,0,0,0,0,0,0,0,4,450,Bajo
41668,HUILA,SAN AGUSTÍN,0,0,0,0,0,0,0,0,6,256,Bajo
41676,HUILA,SANTA MARÍA,0,0,0,0,0,0,0,0,8,298,Medio
41770,HUILA,SUAZA,0,0,0,0,0,0,0,0,4,6,Bajo
41791,HUILA,TARQUI,0,0,0,0,0,0,0,0,0,0,
41797,HUILA,TESALIA,0,0,0,0,0,0,0,0,1,4,Bajo
41799,HUILA,TELLO,0,0,0,0,0,0,0,0,8,5,Medio
41801,HUILA,TERUEL,0,0,0,0,0,0,0,0,2,4,Bajo
41807,HUILA,TIMANÁ,0,0,0,0,0,0,0,0,2,130,Bajo
41872,HUILA,VILLAVIEJA,0,0,0,0,0,0,0,0,0,0,
41885,HUILA,YAGUARÁ,0,0,0,0,0,0,0,0,2,4,Bajo
44001,LA GUAJIRA,RIOHACHA,0,0,0,0,2,5,0,0,5,14,Bajo
44035,LA GUAJIRA,ALBANIA,0,0,0,0,1,1,0,0,1,0,Bajo
44078,LA GUAJIRA,BARRANCAS,0,0,0,0,0,0,0,0,1,0,Bajo
44090,LA GUAJIRA,DIBULLA,0,0,0,0,1,2,0,0,0,0,Bajo
44098,LA GUAJIRA,DISTRACCIÓN,1,0,0,0,0,0,0,0,0,0,Bajo
44110,LA GUAJIRA,EL MOLINO,0,0,0,0,0,0,0,0,0,0,
44279,LA GUAJIRA,FONSECA,0,0,0,0,0,0,0,0,6,1151,Bajo
44378,LA GUAJIRA,HATONUEVO,0,0,0,0,0,0,0,0,0,0,
44420,LA GUAJIRA,LA JAGUA DEL PILAR,0,0,0,0,0,0,0,0,0,0,
44430,LA GUAJIRA,MAICAO,2,2,0,0,2,6,0,0,1,371,Bajo
44560,LA GUAJIRA,MANAURE,0,0,0,0,2,6,0,0,1,264,Bajo
44650,LA GUAJIRA,SAN JUAN DEL CESAR,0,0,0,0,0,0,0,0,0,0,
44847,LA GUAJIRA,URIBIA,0,0,0,0,1,3,0,0,0,0,Bajo
44855,LA GUAJIRA,URUMITA,0,0,0,0,0,0,0,0,0,0,
44874,LA GUAJIRA,VILLANUEVA,0,0,0,0,0,0,0,0,0,0,
47001,MAGDALENA,SANTA MARTA,1,1,0,0,7,9,0,0,8,155,Medio
47030,MAGDALENA,ALGARROBO,0,0,0,0,0,0,0,0,2,0,Bajo
47053,MAGDALENA,ARACATACA,0,0,0,0,1,1,0,0,3,20,Bajo
47058,MAGDALENA,ARIGUANÍ,0,0,0,0,0,0,1,0,1,540,Bajo
47161,MAGDALENA,CERRO DE SAN ANTONIO,0,0,0,0,0,0,0,0,0,0,
47170,MAGDALENA,CHIVOLO,0,0,0,0,0,0,0,0,1,0,Bajo
47189,MAGDALENA,CIÉNAGA,1,0,1,1012,1,0,0,0,11,0,Medio
47205,MAGDALENA,CONCORDIA,0,0,0,0,0,0,0,0,1,80,Bajo
47245,MAGDALENA,EL BANCO,0,0,0,0,1,1,0,0,1,186,Bajo
47258,MAGDALENA,EL PIÑÓN,0,0,0,0,1,2,0,0,1,0,Bajo
47268,MAGDALENA,EL RETÉN,0,0,0,0,0,0,0,0,1,45,Bajo
47288,MAGDALENA,FUNDACIÓN,0,0,0,0,2,2,0,0,2,75,Bajo
47318,MAGDALENA,GUAMAL,0,0,0,0,0,0,0,0,0,0,
47460,MAGDALENA,NUEVA GRANADA,0,0,0,0,0,0,0,0,1,80,Bajo
47541,MAGDALENA,PEDRAZA,0,0,0,0,0,0,0,0,0,0,
47545,MAGDALENA,PIJIÑO DEL CARMEN,0,0,0,0,0,0,0,0,0,0,
47551,MAGDALENA,PIVIJAY,0,0,0,0,1,1,0,0,0,0,Bajo
47555,MAGDALENA,PLATO,0,0,0,0,1,2,0,0,0,0,Bajo
47570,MAGDALENA,PUEBLOVIEJO,0,0,0,0,0,0,0,0,1,37,Bajo
47605,MAGDALENA,REMOLINO,0,0,0,0,0,0,0,0,0,0,
47660,MAGDALENA,SABANAS DE SAN ÁNGEL,0,0,0,0,0,0,0,0,0,0,
47675,MAGDALENA,SALAMINA,0,0,0,0,1,0,0,0,1,4,Bajo
47692,MAGDALENA,SAN SEBASTIÁN DE BUENAVISTA,0,0,0,0,0,0,0,0,0,0,
47703,MAGDALENA,SAN ZENÓN,0,0,0,0,0,0,0,0,0,0,
47707,MAGDALENA,SANTA ANA,0,0,0,0,0,0,0,0,0,0,
47720,MAGDALENA,SANTA BÁRBARA DE PINTO,0,0,0,0,0,0,0,0,1,150,Bajo
47745,MAGDALENA,SITIONUEVO,0,0,0,0,1,3,0,0,5,1,Bajo
47798,MAGDALENA,TENERIFE,0,0,0,0,0,0,0,0,1,40,Bajo
47960,MAGDALENA,ZAPAYÁN,0,0,0,0,0,0,0,0,0,0,
47980,MAGDALENA,ZONA BANANERA,1,2,0,0,2,14,0,0,3,13500,Bajo
50001,META,VILLAVICENCIO,2,0,0,0,11,15,7,1821,42,2981,Medio
50006,META,ACACÍAS,0,0,0,0,2,2,2,0,7,20,Medio
50110,META,BARRANCA DE UPÍA,0,0,0,0,0,0,0,0,1,3,Bajo
50124,META,CABUYARO,0,0,0,0,1,1,2,718,7,747,Medio
50150,META,CASTILLA LA NUEVA,0,0,0,0,3,5,1,60,2,57,Bajo
50223,META,CUBARRAL,0,0,0,0,0,0,0,0,1,0,Bajo
50226,META,CUMARAL,0,0,0,0,1,1,0,0,4,152,Bajo
50245,META,EL CALVARIO,0,0,0,0,0,0,1,1957,1,0,Bajo
50251,META,EL CASTILLO,0,0,1,2,1,2,1,1600,6,110,Bajo
50270,META,EL DORADO,0,0,0,0,0,0,2,210,3,104,Bajo
50287,META,FUENTE DE ORO,0,0,0,0,0,0,1,1592,6,24,Bajo
50313,META,GRANADA,1,6,0,0,9,7,1,575,14,3,Medio
50318,META,GUAMAL,0,0,0,0,0,0,2,150,4,356,Bajo
50325,META,MAPIRIPÁN,1,0,0,0,1,2,0,0,4,225,Bajo
50330,META,MESETAS,0,0,0,0,1,1,2,24,6,7,Bajo
50350,META,LA MACARENA,2,0,0,0,3,61,1,1136,14,8,Medio
50370,META,URIBE,2,0,0,0,4,7,0,0,1,1,Bajo
50400,META,LEJANÍAS,0,0,1,12,3,4,1,108,2,108,Bajo
50450,META,PUERTO CONCORDIA,0,0,0,0,2,2,1,2700,4,0,Bajo
50568,META,PUERTO GAITÁN,0,0,0,0,7,281,1,48,15,40,Medio
50573,META,PUERTO LÓPEZ,0,0,0,0,0,0,2,1028,24,113,Medio
50577,META,PUERTO LLERAS,0,0,0,0,1,30,1,0,10,4,Medio
50590,META,PUERTO RICO,0,0,0,0,1,25,1,2040,9,0,Medio
50606,META,RESTREPO,0,0,0,0,1,1,0,0,4,0,Bajo
50680,META,SAN CARLOS DE GUAROA,0,0,0,0,0,0,0,0,3,0,Bajo
50683,META,SAN JUAN DE ARAMA,0,0,0,0,1,1,1,200,12,25,Medio
50686,META,SAN JUANITO,0,0,0,0,0,0,0,0,0,0,
50689,META,SAN MARTÍN,0,0,0,0,5,5,1,27,8,200,Medio
50711,META,VISTAHERMOSA,1,2,0,0,5,5,1,630,8,12,Medio
52001,NARIÑO,PASTO,0,0,0,0,3,3,1,600,0,0,Bajo
52019,NARIÑO,ALBÁN,0,0,0,0,0,0,0,0,0,0,
52022,NARIÑO,ALDANA,0,0,0,0,1,0,0,0,0,0,Bajo
52036,NARIÑO,ANCUYA,0,0,0,0,0,0,2,0,5,1710,Bajo
52051,NARIÑO,ARBOLEDA,0,0,0,0,0,0,0,0,1,35,Bajo
52079,NARIÑO,BARBACOAS,2,5,2,433,3,9,0,0,1,0,Bajo
52083,NARIÑO,BELÉN,0,0,0,0,0,0,0,0,0,0,
52110,NARIÑO,BUESACO,0,0,0,0,0,0,0,0,3,29,Bajo
52203,NARIÑO,COLÓN,0,0,0,0,0,0,0,0,1,4,Bajo
52207,NARIÑO,CONSACÁ,0,0,0,0,0,0,1,0,1,15,Bajo
52210,NARIÑO,CONTADERO,0,0,0,0,0,0,0,0,0,0,
52215,NARIÑO,CÓRDOBA,0,0,0,0,1,1,0,0,0,0,Bajo
52224,NARIÑO,CUASPUD CARLOSAMA,0,0,0,0,0,0,0,0,0,0,
52227,NARIÑO,CUMBAL,0,0,0,0,1,1,0,0,0,0,Bajo
52233,NARIÑO,CUMBITARA,0,0,0,0,0,0,0,0,1,0,Bajo
52240,NARIÑO,CHACHAGÜÍ,0,0,0,0,0,0,0,0,0,0,
52250,NARIÑO,EL CHARCO,2,0,2,1018,4,18,0,0,0,0,Bajo
52254,NARIÑO,EL PEÑOL,0,0,0,0,0,0,0,0,1,0,Bajo
52256,NARIÑO,EL ROSARIO,1,0,1,30,6,2004,0,0,0,0,Bajo
52258,NARIÑO,EL TABLÓN DE GÓMEZ,0,0,0,0,0,0,0,0,0,0,
52260,NARIÑO,EL TAMBO,0,0,0,0,1,1,0,0,3,343,Bajo
52287,NARIÑO,FUNES,0,0,0,0,0,0,0,0,0,0,
52317,NARIÑO,GUACHUCAL,0,0,0,0,0,0,0,0,0,0,
52320,NARIÑO,GUAITARILLA,0,0,0,0,0,0,0,0,0,0,
52323,NARIÑO,GUALMATÁN,0,0,0,0,0,0,0,0,0,0,
52352,NARIÑO,ILES,0,0,0,0,0,0,0,0,0,0,
52354,NARIÑO,IMUÉS,0,0,0,0,0,0,0,0,0,0,
52356,NARIÑO,IPIALES,1,0,0,0,1,1,0,0,0,0,Bajo
52378,NARIÑO,LA CRUZ,0,0,0,0,0,0,0,0,0,0,
52381,NARIÑO,LA FLORIDA,0,0,0,0,0,0,1,0,0,0,
52385,NARIÑO,LA LLANADA,0,0,0,0,0,0,0,0,0,0,
52390,NARIÑO,LA TOLA,1,0,1,227,1,0,0,0,0,0,Bajo
52399,NARIÑO,LA UNIÓN,0,0,0,0,0,0,0,0,0,0,
52405,NARIÑO,LEIVA,0,0,0,0,2,3,0,0,1,78,Bajo
52411,NARIÑO,LINARES,0,0,0,0,0,0,0,0,1,724,Bajo
52418,NARIÑO,LOS ANDES,1,0,0,0,1,1,0,0,1,88,Bajo
52427,NARIÑO,MAGÜÍ,1,0,5,2763,5,5,0,0,0,0,Alto
52435,NARIÑO,MALLAMA,0,0,0,0,0,0,1,0,2,246,Bajo
52473,NARIÑO,MOSQUERA,1,0,1,309,0,0,0,0,0,0,Bajo
52480,NARIÑO,NARIÑO,0,0,0,0,0,0,0,0,0,0,
52490,NARIÑO,OLAYA HERRERA,4,3,2,3574,2,3,0,0,0,0,Bajo
52506,NARIÑO,OSPINA,0,0,0,0,0,0,0,0,0,0,
52520,NARIÑO,FRANCISCO PIZARRO,0,0,0,0,0,0,0,0,0,0,
52540,NARIÑO,POLICARPA,4,1,0,0,6,8,0,0,1,4,Bajo
52560,NARIÑO,POTOSÍ,0,0,0,0,0,0,0,0,0,0,
52565,NARIÑO,PROVIDENCIA,0,0,0,0,0,0,0,0,0,0,
52573,NARIÑO,PUERRES,0,0,0,0,0,0,0,0,0,0,
52585,NARIÑO,PUPIALES,0,0,0,0,0,0,0,0,1,0,Bajo
52612,NARIÑO,RICAURTE,4,10,0,0,4,11,0,0,0,0,Bajo
52621,NARIÑO,ROBERTO PAYÁN,5,0,11,6075,2,1,0,0,0,0,Alto
52678,NARIÑO,SAMANIEGO,0,0,0,0,5,5,0,0,0,0,Bajo
52683,NARIÑO,SANDONÁ,0,0,0,0,0,0,0,0,0,0,
52685,NARIÑO,SAN BERNARDO,0,0,0,0,0,0,1,0,2,4,Bajo
52687,NARIÑO,SAN LORENZO,0,0,0,0,0,0,0,0,0,0,
52693,NARIÑO,SAN PABLO,1,0,0,0,1,0,1,0,1,2500,Bajo
52694,NARIÑO,SAN PEDRO DE CARTAGO,0,0,0,0,0,0,0,0,0,0,
52696,NARIÑO,SANTA BÁRBARA,2,0,2,416,4,4,0,0,2,180,Bajo
52699,NARIÑO,SANTACRUZ,0,0,0,0,0,0,0,0,0,0,
52720,NARIÑO,SAPUYES,0,0,0,0,0,0,0,0,0,0,
52786,NARIÑO,TAMINANGO,0,0,0,0,1,1,1,0,0,0,Bajo
52788,NARIÑO,TANGUA,0,0,0,0,0,0,0,0,1,4,Bajo
52835,NARIÑO,SAN ANDRÉS DE TUMACO,10,1,6,2648,26,846,1,0,3,14,Alto
52838,NARIÑO,TÚQUERRES,0,0,0,0,1,1,0,0,3,0,Bajo
52885,NARIÑO,YACUANQUER,0,0,0,0,0,0,0,0,1,36,Bajo
54001,NORTE DE SANTANDER,SAN JOSÉ DE CÚCUTA,10,5,1,110,35,43,1,0,4,305,Alto
54003,NORTE DE SANTANDER,ÁBREGO,3,1,0,0,3,5,0,0,5,1,Bajo
54051,NORTE DE SANTANDER,ARBOLEDAS,0,0,0,0,0,0,0,0,11,14,Medio
54099,NORTE DE SANTANDER,BOCHALEMA,0,0,0,0,0,0,0,0,6,10,Bajo
54109,NORTE DE SANTANDER,BUCARASICA,0,0,0,0,1,0,0,0,11,4,Medio
54125,NORTE DE SANTANDER,CÁCOTA,0,0,0,0,0,0,0,0,2,0,Bajo
54128,NORTE DE SANTANDER,CÁCHIRA,0,0,0,0,0,0,0,0,7,4,Medio
54172,NORTE DE SANTANDER,CHINÁCOTA,0,0,0,0,0,0,0,0,6,24,Bajo
54174,NORTE DE SANTANDER,CHITAGÁ,0,0,0,0,0,0,0,0,7,13,Medio
54206,NORTE DE SANTANDER,CONVENCIÓN,5,4,2,369,2,1,1,390,1,4,Bajo
54223,NORTE DE SANTANDER,CUCUTILLA,1,1,0,0,0,0,0,0,5,100,Bajo
54239,NORTE DE SANTANDER,DURANIA,0,0,0,0,0,0,0,0,4,0,Bajo
54245,NORTE DE SANTANDER,EL CARMEN,1,0,0,0,2,2,1,925,4,4,Bajo
54250,NORTE DE SANTANDER,EL TARRA,14,543,2,368,4,5,1,60,2,10,Alto
54261,NORTE DE SANTANDER,EL ZULIA,4,1,0,0,7,4,0,0,6,70,Bajo
54313,NORTE DE SANTANDER,GRAMALOTE,0,0,0,0,0,0,0,0,5,16,Bajo
54344,NORTE DE SANTANDER,HACARÍ,3,2,0,0,0,0,0,0,3,4,Bajo
54347,NORTE DE SANTANDER,HERRÁN,0,0,0,0,0,0,0,0,2,0,Bajo
54377,NORTE DE SANTANDER,LABATECA,0,0,0,0,0,0,0,0,3,8,Bajo
54385,NORTE DE SANTANDER,LA ESPERANZA,0,0,0,0,0,0,0,0,4,60,Bajo
54398,NORTE DE SANTANDER,LA PLAYA,1,5,0,0,2,4,0,0,3,4,Bajo
54405,NORTE DE SANTANDER,LOS PATIOS,0,0,0,0,1,0,0,0,0,0,Bajo
54418,NORTE DE SANTANDER,LOURDES,0,0,0,0,0,0,0,0,2,4,Bajo
54480,NORTE DE SANTANDER,MUTISCUA,0,0,0,0,0,0,0,0,2,0,Bajo
54498,NORTE DE SANTANDER,OCAÑA,7,4,0,0,5,6,1,0,13,25,Medio
54518,NORTE DE SANTANDER,PAMPLONA,1,1,0,0,0,0,2,0,7,88,Medio
54520,NORTE DE SANTANDER,PAMPLONITA,0,0,0,0,1,1,0,0,5,15,Bajo
54553,NORTE DE SANTANDER,PUERTO SANTANDER,0,0,0,0,2,1,0,0,1,0,Bajo
54599,NORTE DE SANTANDER,RAGONVALIA,0,0,0,0,0,0,0,0,2,0,Bajo
54660,NORTE DE SANTANDER,SALAZAR,0,0,0,0,0,0,0,0,7,9,Medio
54670,NORTE DE SANTANDER,SAN CALIXTO,7,3,0,0,1,0,0,0,2,4,Bajo
54673,NORTE DE SANTANDER,SAN CAYETANO,0,0,0,0,0,0,0,0,3,0,Bajo
54680,NORTE DE SANTANDER,SANTIAGO,0,0,0,0,0,0,0,0,0,0,
54720,NORTE DE SANTANDER,SARDINATA,1,0,0,0,3,3,2,0,3,19,Bajo
54743,NORTE DE SANTANDER,SILOS,0,0,0,0,0,0,0,0,3,0,Bajo
54800,NORTE DE SANTANDER,TEORAMA,12,7,4,1100,2,6,1,750,2,0,Alto
54810,NORTE DE SANTANDER,TIBÚ,25,8,2,141,24,26,1,110,6,668,Alto
54820,NORTE DE SANTANDER,TOLEDO,0,0,1,92,2,5,0,0,6,29,Bajo
54871,NORTE DE SANTANDER,VILLA CARO,0,0,0,0,0,0,0,0,3,0,Bajo
54874,NORTE DE SANTANDER,VILLA DEL ROSARIO,3,2,0,0,7,6,0,0,0,0,Bajo
63001,QUINDÍO,ARMENIA,0,0,0,0,3,3,0,0,3,110,Bajo
63111,QUINDÍO,BUENAVISTA,0,0,0,0,0,0,0,0,0,0,
63130,QUINDÍO,CALARCÁ,0,0,0,0,0,0,0,0,2,40,Bajo
63190,QUINDÍO,CIRCASIA,0,0,0,0,0,0,0,0,0,0,
63212,QUINDÍO,CÓRDOBA,0,0,0,0,0,0,0,0,1,10,Bajo
63272,QUINDÍO,FILANDIA,0,0,0,0,0,0,0,0,0,0,
63302,QUINDÍO,GÉNOVA,0,0,0,0,0,0,0,0,1,4,Bajo
63401,QUINDÍO,LA TEBAIDA,0,0,0,0,0,0,0,0,5,159,Bajo
63470,QUINDÍO,MONTENEGRO,0,0,0,0,0,0,0,0,1,164,Bajo
63548,QUINDÍO,PIJAO,0,0,0,0,0,0,0,0,5,52,Bajo
63594,QUINDÍO,QUIMBAYA,0,0,0,0,1,0,0,0,2,19,Bajo
63690,QUINDÍO,SALENTO,0,0,0,0,0,0,0,0,2,2,Bajo
66001,RISARALDA,PEREIRA,0,0,0,0,2,2,1,0,15,1167,Medio
66045,RISARALDA,APÍA,0,0,0,0,0,0,0,0,5,31,Bajo
66075,RISARALDA,BALBOA,0,0,0,0,0,0,0,0,5,76,Bajo
66088,RISARALDA,BELÉN DE UMBRÍA,0,0,0,0,0,0,0,0,13,113,Medio
66170,RISARALDA,DOSQUEBRADAS,0,0,0,0,0,0,0,0,8,112,Medio
66318,RISARALDA,GUÁTICA,0,0,0,0,0,0,0,0,1,5,Bajo
66383,RISARALDA,LA CELIA,0,0,0,0,0,0,0,0,7,21,Medio
66400,RISARALDA,LA VIRGINIA,0,0,0,0,0,0,0,0,1,395,Bajo
66440,RISARALDA,MARSELLA,0,0,0,0,0,0,0,0,3,0,Bajo
66456,RISARALDA,MISTRATÓ,0,0,0,0,0,0,0,0,2,19,Bajo
66572,RISARALDA,PUEBLO RICO,1,0,4,3919,0,0,0,0,5,1888,Bajo
66594,RISARALDA,QUINCHÍA,0,0,0,0,0,0,0,0,6,24,Bajo
66682,RISARALDA,SANTA ROSA DE CABAL,0,0,0,0,0,0,0,0,10,584,Medio
66687,RISARALDA,SANTUARIO,0,0,0,0,0,0,0,0,3,0,Bajo
68001,SANTANDER,BUCARAMANGA,0,0,0,0,4,4,0,0,6,763,Bajo
68013,SANTANDER,AGUADA,0,0,0,0,0,0,0,0,0,0,
68020,SANTANDER,ALBANIA,0,0,0,0,0,0,0,0,0,0,
68051,SANTANDER,ARATOCA,0,0,0,0,0,0,0,0,2,0,Bajo
68077,SANTANDER,BARBOSA,0,0,0,0,0,0,0,0,1,0,Bajo
68079,SANTANDER,BARICHARA,0,0,0,0,0,0,0,0,2,0,Bajo
68081,SANTANDER,BARRANCABERMEJA,1,1,0,0,2,1,0,0,3,0,Bajo
68092,SANTANDER,BETULIA,0,0,0,0,0,0,0,0,0,0,
68101,SANTANDER,BOLÍVAR,1,1,0,0,0,0,0,0,4,78,Bajo
68121,SANTANDER,CABRERA,0,0,0,0,0,0,0,0,0,0,
68132,SANTANDER,CALIFORNIA,0,0,0,0,0,0,0,0,0,0,
68147,SANTANDER,CAPITANEJO,0,0,0,0,0,0,0,0,0,0,
68152,SANTANDER,CARCASÍ,0,0,0,0,0,0,0,0,0,0,
68160,SANTANDER,CEPITÁ,0,0,0,0,0,0,0,0,0,0,
68162,SANTANDER,CERRITO,1,0,0,0,0,0,0,0,0,0,Bajo
68167,SANTANDER,CHARALÁ,0,0,0,0,0,0,0,0,2,0,Bajo
68169,SANTANDER,CHARTA,0,0,0,0,0,0,0,0,2,23,Bajo
68176,SANTANDER,CHIMA,0,0,0,0,0,0,0,0,0,0,
68179,SANTANDER,CHIPATÁ,0,0,0,0,0,0,0,0,0,0,
68190,SANTANDER,CIMITARRA,0,0,0,0,0,0,0,0,3,20,Bajo
68207,SANTANDER,CONCEPCIÓN,0,0,0,0,0,0,0,0,2,0,Bajo
68209,SANTANDER,CONFINES,0,0,0,0,0,0,0,0,0,0,
68211,SANTANDER,CONTRATACIÓN,0,0,0,0,0,0,0,0,0,0,
68217,SANTANDER,COROMORO,0,0,0,0,0,0,0,0,2,24,Bajo
68229,SANTANDER,CURITÍ,0,0,0,0,0,0,0,0,1,0,Bajo
68235,SANTANDER,EL CARMEN DE CHUCURI,0,0,0,0,0,0,0,0,3,202,Bajo
68245,SANTANDER,EL GUACAMAYO,0,0,0,0,0,0,0,0,0,0,
68250,SANTANDER,EL PEÑÓN,0,0,0,0,0,0,0,0,0,0,
68255,SANTANDER,EL PLAYÓN,0,0,0,0,0,0,0,0,1,0,Bajo
68264,SANTANDER,ENCINO,0,0,0,0,0,0,0,0,5,360,Bajo
68266,SANTANDER,ENCISO,0,0,0,0,0,0,0,0,1,0,Bajo
68271,SANTANDER,FLORIÁN,0,0,0,0,0,0,0,0,0,0,
68276,SANTANDER,FLORIDABLANCA,0,0,0,0,1,1,0,0,1,4,Bajo
68296,SANTANDER,GALÁN,0,0,0,0,0,0,0,0,1,0,Bajo
68298,SANTANDER,GÁMBITA,0,0,0,0,0,0,0,0,0,0,
68307,SANTANDER,GIRÓN,0,0,0,0,0,0,0,0,1,0,Bajo
68318,SANTANDER,GUACA,0,0,0,0,0,0,0,0,1,0,Bajo
68320,SANTANDER,GUADALUPE,0,0,0,0,0,0,0,0,0,0,
68322,SANTANDER,GUAPOTÁ,0,0,0,0,0,0,0,0,0,0,
68324,SANTANDER,GUAVATÁ,0,0,0,0,0,0,0,0,0,0,
68327,SANTANDER,GÜEPSA,0,0,0,0,0,0,0,0,0,0,
68344,SANTANDER,HATO,0,0,0,0,0,0,0,0,1,0,Bajo
68368,SANTANDER,JESÚS MARÍA,0,0,0,0,0,0,0,0,1,0,Bajo
68370,SANTANDER,JORDÁN,0,0,0,0,0,0,0,0,0,0,
68377,SANTANDER,LA BELLEZA,0,0,0,0,0,0,0,0,1,0,Bajo
68385,SANTANDER,LANDÁZURI,0,0,0,0,0,0,0,0,0,0,
68397,SANTANDER,LA PAZ,0,0,0,0,0,0,0,0,0,0,
68406,SANTANDER,LEBRIJA,0,0,0,0,0,0,0,0,2,194,Bajo
68418,SANTANDER,LOS SANTOS,0,0,0,0,0,0,0,0,4,0,Bajo
68425,SANTANDER,MACARAVITA,0,0,0,0,0,0,0,0,0,0,
68432,SANTANDER,MÁLAGA,0,0,0,0,0,0,0,0,0,0,
68444,SANTANDER,MATANZA,0,0,0,0,0,0,0,0,0,0,
68464,SANTANDER,MOGOTES,0,0,0,0,0,0,0,0,2,0,Bajo
68468,SANTANDER,MOLAGAVITA,0,0,0,0,0,0,0,0,0,0,
68498,SANTANDER,OCAMONTE,0,0,0,0,0,0,0,0,2,0,Bajo
68500,SANTANDER,OIBA,0,0,0,0,0,0,0,0,1,0,Bajo
68502,SANTANDER,ONZAGA,0,0,0,0,0,0,0,0,2,0,Bajo
68522,SANTANDER,PALMAR,0,0,0,0,0,0,0,0,1,0,Bajo
68524,SANTANDER,PALMAS DEL SOCORRO,0,0,0,0,0,0,0,0,0,0,
68533,SANTANDER,PÁRAMO,0,0,0,0,0,0,0,0,2,0,Bajo
68547,SANTANDER,PIEDECUESTA,0,0,0,0,0,0,0,0,4,5,Bajo
68549,SANTANDER,PINCHOTE,0,0,0,0,0,0,0,0,0,0,
68572,SANTANDER,PUENTE NACIONAL,0,0,0,0,0,0,0,0,0,0,
68573,SANTANDER,PUERTO PARRA,0,0,0,0,0,0,0,0,2,0,Bajo
68575,SANTANDER,PUERTO WILCHES,0,0,0,0,3,5,0,0,1,0,Bajo
68615,SANTANDER,RIONEGRO,0,0,0,0,0,0,0,0,3,400,Bajo
68655,SANTANDER,SABANA DE TORRES,0,0,0,0,1,2,0,0,2,0,Bajo
68669,SANTANDER,SAN ANDRÉS,0,0,0,0,0,0,0,0,5,304,Bajo
68673,SANTANDER,SAN BENITO,0,0,0,0,0,0,0,0,0,0,
68679,SANTANDER,SAN GIL,0,0,0,0,1,8,0,0,0,0,Bajo
68682,SANTANDER,SAN JOAQUÍN,0,0,0,0,0,0,0,0,0,0,
68684,SANTANDER,SAN JOSÉ DE MIRANDA,0,0,0,0,0,0,0,0,1,0,Bajo
68686,SANTANDER,SAN MIGUEL,0,0,0,0,0,0,0,0,0,0,
68689,SANTANDER,SAN VICENTE DE CHUCURÍ,0,0,0,0,0,0,0,0,1,0,Bajo
68705,SANTANDER,SANTA BÁRBARA,0,0,0,0,0,0,0,0,3,6,Bajo
68720,SANTANDER,SANTA HELENA DEL OPÓN,0,0,0,0,0,0,0,0,2,0,Bajo
68745,SANTANDER,SIMACOTA,0,0,0,0,0,0,0,0,2,25,Bajo
68755,SANTANDER,SOCORRO,0,0,0,0,0,0,0,0,0,0,
68770,SANTANDER,SUAITA,0,0,0,0,0,0,0,0,1,0,Bajo
68773,SANTANDER,SUCRE,0,0,0,0,0,0,0,0,0,0,
68780,SANTANDER,SURATÁ,0,0,0,0,0,0,0,0,1,0,Bajo
68820,SANTANDER,TONA,0,0,0,0,0,0,0,0,2,44,Bajo
68855,SANTANDER,VALLE DE SAN JOSÉ,0,0,0,0,0,0,0,0,1,0,Bajo
68861,SANTANDER,VÉLEZ,0,0,0,0,0,0,0,0,1,32,Bajo
68867,SANTANDER,VETAS,0,0,0,0,0,0,0,0,0,0,
68872,SANTANDER,VILLANUEVA,0,0,0,0,0,0,0,0,0,0,
68895,SANTANDER,ZAPATOCA,0,0,0,0,0,0,0,0,3,0,Bajo
70001,SUCRE,SINCELEJO,0,0,0,0,1,0,0,0,1,12,Bajo
70110,SUCRE,BUENAVISTA,0,0,0,0,0,0,0,0,0,0,
70124,SUCRE,CAIMITO,0,0,0,0,0,0,1,8244,1,0,Bajo
70204,SUCRE,COLOSÓ,0,0,0,0,0,0,0,0,0,0,
70215,SUCRE,COROZAL,0,0,0,0,0,0,0,0,0,0,
70221,SUCRE,COVEÑAS,0,0,0,0,0,0,0,0,1,32,Bajo
70230,SUCRE,CHALÁN,0,0,0,0,0,0,0,0,0,0,
70233,SUCRE,EL ROBLE,0,0,0,0,0,0,0,0,0,0,
70235,SUCRE,GALERAS,0,0,0,0,0,0,0,0,0,0,
70265,SUCRE,GUARANDA,0,0,0,0,0,0,1,10312,4,2335,Bajo
70400,SUCRE,LA UNIÓN,0,0,0,0,0,0,0,0,0,0,
70418,SUCRE,LOS PALMITOS,0,0,0,0,0,0,0,0,0,0,
70429,SUCRE,MAJAGUAL,0,0,0,0,0,0,1,29728,1,3781,Bajo
70473,SUCRE,MORROA,0,0,0,0,0,0,0,0,0,0,
70508,SUCRE,OVEJAS,0,0,0,0,0,0,0,0,1,320,Bajo
70523,SUCRE,PALMITO,0,0,0,0,0,0,0,0,0,0,
70670,SUCRE,SAMPUÉS,0,0,0,0,0,0,0,0,0,0,
70678,SUCRE,SAN BENITO ABAD,0,0,0,0,0,0,1,26052,1,7599,Bajo
70702,SUCRE,SAN JUAN DE BETULIA,0,0,0,0,0,0,0,0,0,0,
70708,SUCRE,SAN MARCOS,0,0,0,0,0,0,1,4144,0,0,
70713,SUCRE,SAN ONOFRE,0,0,0,0,0,0,0,0,0,0,
70717,SUCRE,SAN PEDRO,0,0,0,0,0,0,0,0,0,0,
70742,SUCRE,SAN LUIS DE SINCÉ,0,0,0,0,0,0,0,0,0,0,
70771,SUCRE,SUCRE,0,0,0,0,0,0,1,39975,1,9527,Bajo
70820,SUCRE,SANTIAGO DE TOLÚ,0,0,0,0,0,0,0,0,0,0,
70823,SUCRE,SAN JOSÉ DE TOLUVIEJO,0,0,0,0,0,0,0,0,0,0,
73001,TOLIMA,IBAGUÉ,0,0,0,0,4,4,0,0,5,17,Bajo
73024,TOLIMA,ALPUJARRA,0,0,0,0,0,0,0,0,0,0,
73026,TOLIMA,ALVARADO,0,0,0,0,0,0,0,0,3,4,Bajo
73030,TOLIMA,AMBALEMA,0,0,0,0,0,0,0,0,2,240,Bajo
73043,TOLIMA,ANZOÁTEGUI,0,0,0,0,0,0,0,0,1,3,Bajo
73055,TOLIMA,ARMERO,0,0,0,0,0,0,0,0,2,118,Bajo
73067,TOLIMA,ATACO,0,0,0,0,0,0,0,0,5,35,Bajo
73124,TOLIMA,CAJAMARCA,0,0,0,0,0,0,0,0,0,0,
73148,TOLIMA,CARMEN DE APICALÁ,0,0,0,0,0,0,0,0,6,40,Bajo
73152,TOLIMA,CASABIANCA,0,0,0,0,0,0,0,0,5,33,Bajo
73168,TOLIMA,CHAPARRAL,0,0,0,0,3,6,0,0,5,36,Bajo
73200,TOLIMA,COELLO,0,0,0,0,0,0,0,0,3,1,Bajo
73217,TOLIMA,COYAIMA,0,0,0,0,0,0,0,0,0,0,
73226,TOLIMA,CUNDAY,0,0,0,0,0,0,0,0,0,0,
73236,TOLIMA,DOLORES,0,0,0,0,0,0,0,0,0,0,
73268,TOLIMA,ESPINAL,0,0,0,0,0,0,0,0,2,620,Bajo
73270,TOLIMA,FALAN,0,0,0,0,0,0,0,0,0,0,
73275,TOLIMA,FLANDES,0,0,0,0,0,0,0,0,2,152,Bajo
73283,TOLIMA,FRESNO,0,0,0,0,1,1,0,0,6,128,Bajo
73319,TOLIMA,GUAMO,0,0,0,0,2,5,0,0,3,905,Bajo
73347,TOLIMA,HERVEO,0,0,0,0,0,0,0,0,9,2,Medio
73349,TOLIMA,HONDA,0,0,0,0,0,0,0,0,1,0,Bajo
73352,TOLIMA,ICONONZO,0,0,0,0,0,0,0,0,1,12,Bajo
73408,TOLIMA,LÉRIDA,0,0,0,0,0,0,0,0,4,17,Bajo
73411,TOLIMA,LÍBANO,0,0,0,0,0,0,0,0,7,10,Medio
73443,TOLIMA,SAN SEBASTIÁN DE MARIQUITA,0,0,0,0,0,0,0,0,0,0,
73449,TOLIMA,MELGAR,0,0,0,0,0,0,0,0,1,35,Bajo
73461,TOLIMA,MURILLO,0,0,0,0,0,0,0,0,0,0,
73483,TOLIMA,NATAGAIMA,0,0,0,0,0,0,0,0,0,0,
73504,TOLIMA,ORTEGA,0,0,0,0,0,0,0,0,15,1590,Medio
73520,TOLIMA,PALOCABILDO,0,0,0,0,0,0,0,0,2,2,Bajo
73547,TOLIMA,PIEDRAS,0,0,0,0,0,0,0,0,1,0,Bajo
73555,TOLIMA,PLANADAS,0,0,0,0,0,0,0,0,0,0,
73563,TOLIMA,PRADO,0,0,0,0,0,0,0,0,1,0,Bajo
73585,TOLIMA,PURIFICACIÓN,0,0,0,0,0,0,0,0,0,0,
73616,TOLIMA,RIOBLANCO,0,0,0,0,1,0,0,0,8,8,Medio
73622,TOLIMA,RONCESVALLES,0,0,0,0,0,0,1,0,1,3,Bajo
73624,TOLIMA,ROVIRA,0,0,0,0,0,0,0,0,0,0,
73671,TOLIMA,SALDAÑA,0,0,0,0,0,0,0,0,1,15,Bajo
73675,TOLIMA,SAN ANTONIO,0,0,0,0,0,0,0,0,3,29,Bajo
73678,TOLIMA,SAN LUIS,0,0,0,0,1,1,0,0,2,4,Bajo
73686,TOLIMA,SANTA ISABEL,0,0,0,0,0,0,0,0,0,0,
73770,TOLIMA,SUÁREZ,0,0,0,0,0,0,0,0,2,0,Bajo
73854,TOLIMA,VALLE DE SAN JUAN,0,0,0,0,0,0,0,0,0,0,
73861,TOLIMA,VENADILLO,0,0,0,0,0,0,0,0,7,47,Medio
73870,TOLIMA,VILLAHERMOSA,0,0,0,0,0,0,1,1324,3,1340,Bajo
73873,TOLIMA,VILLARRICA,0,0,0,0,0,0,0,0,4,215,Bajo
76001,VALLE DEL CAUCA,CALI,4,17,0,0,39,131,3,20,9,102,Alto
76020,VALLE DEL CAUCA,ALCALÁ,0,0,0,0,1,1,0,0,0,0,Bajo
76036,VALLE DEL CAUCA,ANDALUCÍA,1,0,0,0,2,2,0,0,4,88,Bajo
76041,VALLE DEL CAUCA,ANSERMANUEVO,1,0,0,0,3,3,0,0,0,0,Bajo
76054,VALLE DEL CAUCA,ARGELIA,0,0,0,0,0,0,0,0,0,0,
76100,VALLE DEL CAUCA,BOLÍVAR,0,0,0,0,1,1,0,0,0,0,Bajo
76109,VALLE DEL CAUCA,BUENAVENTURA,22,1518,12,4590,88,260,2,200000,2,0,Alto
76111,VALLE DEL CAUCA,GUADALAJARA DE BUGA,0,0,0,0,4,7,0,0,0,0,Bajo
76113,VALLE DEL CAUCA,BUGALAGRANDE,2,1,0,0,2,3,1,1000,0,0,Bajo
76122,VALLE DEL CAUCA,CAICEDONIA,0,0,0,0,0,0,0,0,0,0,
76126,VALLE DEL CAUCA,CALIMA,0,0,0,0,0,0,0,0,2,16,Bajo
76130,VALLE DEL CAUCA,CANDELARIA,0,0,0,0,1,1,0,0,0,0,Bajo
76147,VALLE DEL CAUCA,CARTAGO,0,0,0,0,3,9,1,10000,2,6766,Bajo
76233,VALLE DEL CAUCA,DAGUA,3,3,0,0,4,7,0,0,1,70,Bajo
76243,VALLE DEL CAUCA,EL ÁGUILA,0,0,0,0,3,6,1,2000,0,0,Bajo
76246,VALLE DEL CAUCA,EL CAIRO,0,0,0,0,0,0,0,0,1,8,Bajo
76248,VALLE DEL CAUCA,EL CERRITO,0,0,0,0,3,5,0,0,0,0,Bajo
76250,VALLE DEL CAUCA,EL DOVIO,0,0,0,0,1,4000,0,0,0,0,Bajo
76275,VALLE DEL CAUCA,FLORIDA,0,0,0,0,3,2,3,2297,4,1230,Bajo
76306,VALLE DEL CAUCA,GINEBRA,0,0,0,0,0,0,1,3200,1,0,Bajo
76318,VALLE DEL CAUCA,GUACARÍ,1,2,0,0,2,2,1,0,0,0,Bajo
76364,VALLE DEL CAUCA,JAMUNDÍ,3,3,0,0,5,7,2,0,6,258,Bajo
76377,VALLE DEL CAUCA,LA CUMBRE,0,0,0,0,0,0,0,0,0,0,
76400,VALLE DEL CAUCA,LA UNIÓN,0,0,0,0,3,17,0,0,0,0,Bajo
76403,VALLE DEL CAUCA,LA VICTORIA,0,0,0,0,0,0,0,0,0,0,
76497,VALLE DEL CAUCA,OBANDO,0,0,0,0,3,7,0,0,4,111,Bajo
76520,VALLE DEL CAUCA,PALMIRA,0,0,0,0,4,4,2,70,2,154,Bajo
76563,VALLE DEL CAUCA,PRADERA,1,2,0,0,0,0,0,0,1,0,Bajo
76606,VALLE DEL CAUCA,RESTREPO,0,0,0,0,3,4,0,0,0,0,Bajo
76616,VALLE DEL CAUCA,RIOFRÍO,0,0,0,0,1,1,0,0,0,0,Bajo
76622,VALLE DEL CAUCA,ROLDANILLO,0,0,0,0,0,0,0,0,0,0,
76670,VALLE DEL CAUCA,SAN PEDRO,0,0,0,0,2,2,0,0,0,0,Bajo
76736,VALLE DEL CAUCA,SEVILLA,0,0,0,0,1,2,1,0,1,0,Bajo
76823,VALLE DEL CAUCA,TORO,0,0,0,0,1,1,0,0,2,185,Bajo
76828,VALLE DEL CAUCA,TRUJILLO,0,0,0,0,0,0,2,128,0,0,
76834,VALLE DEL CAUCA,TULUÁ,2,1,0,0,17,40,1,0,3,98,Bajo
76845,VALLE DEL CAUCA,ULLOA,0,0,0,0,0,0,0,0,0,0,
76863,VALLE DEL CAUCA,VERSALLES,0,0,0,0,0,0,0,0,1,0,Bajo
76869,VALLE DEL CAUCA,VIJES,0,0,0,0,0,0,0,0,0,0,
76890,VALLE DEL CAUCA,YOTOCO,0,0,0,0,0,0,0,0,2,65,Bajo
76892,VALLE DEL CAUCA,YUMBO,0,0,0,0,2,5,1,0,3,36,Bajo
76895,VALLE DEL CAUCA,ZARZAL,0,0,0,0,0,0,0,0,0,0,
81001,ARAUCA,ARAUCA,3,1,6,869,30,405,0,0,13,642,Alto
81065,ARAUCA,ARAUQUITA,3,0,1,431,35,44,0,0,0,0,Alto
81220,ARAUCA,CRAVO NORTE,0,0,0,0,1,1,0,0,3,60,Bajo
81300,ARAUCA,FORTUL,6,2,1,232,14,18,0,0,0,0,Alto
81591,ARAUCA,PUERTO RONDÓN,7,41,0,0,0,0,0,0,0,0,Bajo
81736,ARAUCA,SARAVENA,1,0,1,1122,64,82,0,0,0,0,Alto
81794,ARAUCA,TAME,13,1740,1,1737,46,78,0,0,1,0,Alto
85001,CASANARE,YOPAL,0,0,0,0,3,3,0,0,9,0,Medio
85010,CASANARE,AGUAZUL,0,0,0,0,2,2,1,0,33,50,Medio
85015,CASANARE,CHÁMEZA,0,0,0,0,0,0,0,0,4,12,Bajo
85125,CASANARE,HATO COROZAL,0,0,0,0,0,0,0,0,5,36,Bajo
85136,CASANARE,LA SALINA,0,0,0,0,0,0,0,0,1,0,Bajo
85139,CASANARE,MANÍ,0,0,0,0,1,1,0,0,14,654,Medio
85162,CASANARE,MONTERREY,0,0,0,0,0,0,0,0,7,136,Medio
85225,CASANARE,NUNCHÍA,0,0,0,0,0,0,1,0,8,7,Medio
85230,CASANARE,OROCUÉ,0,0,0,0,0,0,0,0,19,4,Medio
85250,CASANARE,PAZ DE ARIPORO,2,0,0,0,0,0,0,0,16,84,Medio
85263,CASANARE,PORE,0,0,0,0,0,0,0,0,22,265,Medio
85279,CASANARE,RECETOR,0,0,0,0,0,0,0,0,0,0,
85300,CASANARE,SABANALARGA,0,0,0,0,1,1,0,0,2,0,Bajo
85315,CASANARE,SÁCAMA,0,0,0,0,1,1,0,0,0,0,Bajo
85325,CASANARE,SAN LUIS DE PALENQUE,0,0,0,0,0,0,0,0,10,66,Medio
85400,CASANARE,TÁMARA,0,0,0,0,0,0,0,0,2,0,Bajo
85410,CASANARE,TAURAMENA,1,1,0,0,1,1,0,0,1,0,Bajo
85430,CASANARE,TRINIDAD,0,0,0,0,0,0,0,0,8,0,Medio
85440,CASANARE,VILLANUEVA,0,0,0,0,1,2,0,0,2,12,Bajo
86001,PUTUMAYO,MOCOA,0,0,0,0,3,4,0,0,2,13,Bajo
86219,PUTUMAYO,COLÓN,0,0,0,0,0,0,0,0,1,700,Bajo
86320,PUTUMAYO,ORITO,0,0,0,0,1,0,0,0,0,0,Bajo
86568,PUTUMAYO,PUERTO ASÍS,3,6,2,208,5,6,0,0,2,1452,Bajo
86569,PUTUMAYO,PUERTO CAICEDO,0,0,0,0,5,6,0,0,0,0,Bajo
86571,PUTUMAYO,PUERTO GUZMÁN,2,2,1,60,11,28,0,0,1,0,Bajo
86573,PUTUMAYO,PUERTO LEGUÍZAMO,0,0,4,170,15,32,0,0,7,8,Alto
86749,PUTUMAYO,SIBUNDOY,0,0,0,0,0,0,0,0,4,78,Bajo
86755,PUTUMAYO,SAN FRANCISCO,0,0,0,0,0,0,0,0,3,1550,Bajo
86757,PUTUMAYO,SAN MIGUEL,0,0,0,0,6,14,0,0,1,0,Bajo
86760,PUTUMAYO,SANTIAGO,0,0,0,0,0,0,0,0,1,682,Bajo
86865,PUTUMAYO,VALLE DEL GUAMUEZ,0,0,0,0,1,1,0,0,2,677,Bajo
86885,PUTUMAYO,VILLAGARZÓN,0,0,0,0,2,1,0,0,0,0,Bajo
88001,ARCHIPIÉLAGO DE SAN ANDRÉS. PROVIDENCIA Y SANTA CATALINA,SAN ANDRÉS,0,0,0,0,1,1,0,0,2,140,Bajo
88564,ARCHIPIÉLAGO DE SAN ANDRÉS. PROVIDENCIA Y SANTA CATALINA,PROVIDENCIA,0,0,0,0,0,0,0,0,1,0,Bajo
91001,AMAZONAS,LETICIA,1,0,0,0,11,14,4,16993,2,0,Bajo
91263,AMAZONAS,EL ENCANTO,0,0,0,0,1,1,0,0,0,0,Bajo
91405,AMAZONAS,LA CHORRERA,0,0,0,0,0,0,0,0,0,0,
91407,AMAZONAS,LA PEDRERA,0,0,0,0,1,1,0,0,0,0,Bajo
91430,AMAZONAS,LA VICTORIA,0,0,0,0,0,0,0,0,0,0,
91460,AMAZONAS,MIRITÍ - PARANÁ,1,4,1,9,3,238,1,124,0,0,Bajo
91530,AMAZONAS,PUERTO ALEGRÍA,0,0,0,0,3,5,0,0,0,0,Bajo
91536,AMAZONAS,PUERTO ARICA,1,509,1,6,1,1,0,0,0,0,Bajo
91540,AMAZONAS,PUERTO NARIÑO,0,0,0,0,0,0,0,0,0,0,
91669,AMAZONAS,PUERTO SANTANDER,0,0,0,0,1,2,0,0,0,0,Bajo
91798,AMAZONAS,TARAPACÁ,0,0,0,0,2,5,0,0,0,0,Bajo
94001,GUAINÍA,INÍRIDA,0,0,0,0,0,0,0,0,0,0,
94343,GUAINÍA,BARRANCOMINAS,0,0,0,0,0,0,0,0,0,0,
94883,GUAINÍA,SAN FELIPE,0,0,0,0,0,0,0,0,0,0,
94884,GUAINÍA,PUERTO COLOMBIA,0,0,0,0,0,0,0,0,0,0,
94885,GUAINÍA,LA GUADALUPE,0,0,0,0,0,0,0,0,0,0,
94886,GUAINÍA,CACAHUAL,0,0,0,0,0,0,0,0,0,0,
94887,GUAINÍA,PANA PANA,0,0,0,0,0,0,0,0,0,0,
94888,GUAINÍA,MORICHAL,0,0,0,0,0,0,0,0,0,0,
95001,GUAVIARE,SAN JOSÉ DEL GUAVIARE,3,10,1,15,18,16,6,10787,12,2,Medio
95015,GUAVIARE,CALAMAR,1,0,0,0,4,5,1,0,3,0,Bajo
95025,GUAVIARE,EL RETORNO,0,0,0,0,3,66,0,0,0,0,Bajo
95200,GUAVIARE,MIRAFLORES,0,0,0,0,1,1,0,0,1,0,Bajo
97001,VAUPÉS,MITÚ,0,0,0,0,0,0,0,0,6,687,Bajo
97161,VAUPÉS,CARURÚ,0,0,0,0,0,0,0,0,0,0,
97511,VAUPÉS,PACOA,0,0,0,0,0,0,0,0,0,0,
97666,VAUPÉS,TARAIRA,0,0,0,0,0,0,0,0,0,0,
97777,VAUPÉS,PAPUNAHUA,0,0,0,0,0,0,0,0,0,0,
97889,VAUPÉS,YAVARATÉ,0,0,0,0,0,0,0,0,0,0,
99001,VICHADA,PUERTO CARREÑO,2,0,1,1890,12,11,0,0,18,1029,Medio
99524,VICHADA,LA PRIMAVERA,0,0,0,0,0,0,0,0,2,0,Bajo
99624,VICHADA,SANTA ROSALÍA,0,0,0,0,0,0,1,361,1,0,Bajo
99773,VICHADA,CUMARIBO,0,0,0,0,2,2,0,0,4,0,Bajo
